dataset,method,gene,fdr,essential
CRISPR.RT112,CC2,RPS19,3.214798291732493e-28,1
CRISPR.RT112,CC2,NUP93,5.418665452723319e-25,1
CRISPR.RT112,CC2,PSMD11,4.159225413512664e-29,1
CRISPR.RT112,CC2,RPS3A,2.3459854910133315e-17,1
CRISPR.RT112,CC2,PSMB3,1.2921485714763423e-15,1
CRISPR.RT112,CC2,POLR2A,1.3569459985832217e-27,1
CRISPR.RT112,CC2,RPS8,8.646831950899275e-25,1
CRISPR.RT112,CC2,RPL36,1.9391166136746957e-25,1
CRISPR.RT112,CC2,RPS13,9.316199568989788e-31,1
CRISPR.RT112,CC2,RPS11,1.7129768923967658e-19,1
CRISPR.RT112,CC2,PSMC1,7.666221497664788e-27,1
CRISPR.RT112,CC2,RPS9,1.4158301376840751e-15,1
CRISPR.RT112,CC2,COPB1,1.2639430126687698e-23,1
CRISPR.RT112,CC2,RPL5,2.065390111958214e-19,1
CRISPR.RT112,CC2,RPL11,2.4415766709025837e-31,1
CRISPR.RT112,CC2,PSMB2,3.6028702815969144e-63,1
CRISPR.RT112,CC2,COPZ1,7.124485076554904e-21,1
CRISPR.RT112,CC2,PSMD6,1.794788019613684e-57,1
CRISPR.RT112,CC2,COPA,1.9191042215584739e-31,1
CRISPR.RT112,CC2,RPL18A,6.855111921914382e-27,1
CRISPR.RT112,CC2,POLR2F,3.662157280491033e-23,1
CRISPR.RT112,CC2,POLR2D,2.089454955982088e-25,1
CRISPR.RT112,CC2,PSMA3,5.169693587028281e-18,1
CRISPR.RT112,CC2,RPL34,1.582550104152214e-20,1
CRISPR.RT112,CC2,RPS24,1.9957815283403747e-8,1
CRISPR.RT112,CC2,PSMC4,2.4566773693943143e-27,1
CRISPR.RT112,CC2,RPL27,4.1458492062532905e-9,1
CRISPR.RT112,CC2,RPL9,1.7505953749527445e-18,1
CRISPR.RT112,CC2,PSMC2,7.666221497664788e-27,1
CRISPR.RT112,CC2,NUP54,9.651580024135017e-25,1
CRISPR.RT112,CC2,COPS4,2.1332396886849878e-30,1
CRISPR.RT112,CC2,NUP133,3.0832359430005184e-25,1
CRISPR.RT112,CC2,RPL35A,1.7129768923967658e-19,1
CRISPR.RT112,CC2,RPL3,8.494488076789473e-21,1
CRISPR.RT112,CC2,RPL30,3.0519425042121882e-9,1
CRISPR.RT112,CC2,POLA1,2.6178129560047357e-18,1
CRISPR.RT112,CC2,NUP98,3.214798291732493e-28,1
CRISPR.RT112,CC2,COPS2,1.0780764533636607e-11,1
CRISPR.RT112,CC2,RPL6,8.925260060459569e-5,1
CRISPR.RT112,CC2,PSMD7,6.103521720361809e-25,1
CRISPR.RT112,CC2,COPS8,3.8304061184857826e-13,1
CRISPR.RT112,CC2,COPS6,2.3459854910133315e-17,1
CRISPR.RT112,CC2,NUP205,2.5476770242057525e-21,1
CRISPR.RT112,CC2,PSMD1,5.1357941727192166e-17,1
CRISPR.RT112,CC2,RPS7,4.3607558873591e-4,1
CRISPR.RT112,CC2,RPS27,9.315388605745294e-10,1
CRISPR.RT112,CC2,LYZL6,1,0
CRISPR.RT112,CC2,CRYGB,1,0
CRISPR.RT112,CC2,MRGPRD,1,0
CRISPR.RT112,CC2,IL1F10,1,0
CRISPR.RT112,CC2,OTUD6A,1,0
CRISPR.RT112,CC2,KRT25,1,0
CRISPR.RT112,CC2,PIWIL3,1,0
CRISPR.RT112,CC2,TPH2,1,0
CRISPR.RT112,CC2,RNASE9,1,0
CRISPR.RT112,CC2,NPSR1,1,0
CRISPR.RT112,CC2,DMRTB1,1,0
CRISPR.RT112,CC2,RPTN,1,0
CRISPR.RT112,CC2,HTR3D,1,0
CRISPR.RT112,CC2,DMRTC2,1,0
CRISPR.RT112,CC2,OLIG2,1,0
CRISPR.RT112,CC2,IL22,1,0
CRISPR.RT112,CC2,OR9Q2,1,0
CRISPR.RT112,CC2,RXFP2,1,0
CRISPR.RT112,CC2,LUZP4,1,0
CRISPR.RT112,CC2,KRT74,1,0
CRISPR.RT112,CC2,OC90,1,0
CRISPR.RT112,CC2,NPHS2,1,0
CRISPR.RT112,CC2,FCRL4,1,0
CRISPR.RT112,CC2,LHX5,1,0
CRISPR.RT112,CC2,FAM71B,1,0
CRISPR.RT112,CC2,CYP7A1,1,0
CRISPR.RT112,CC2,SAGE1,1,0
CRISPR.RT112,CC2,SPATA16,1,0
CRISPR.RT112,CC2,TAAR8,1,0
CRISPR.RT112,CC2,CABP5,1,0
CRISPR.RT112,CC2,ADH7,1,0
CRISPR.RT112,CC2,TGM6,1,0
CRISPR.RT112,CC2,TRIM42,1,0
CRISPR.RT112,CC2,KRT9,1,0
CRISPR.RT112,CC2,TAS2R13,1,0
CRISPR.RT112,CC2,NLRP5,1,0
CRISPR.RT112,CC2,MAGEB3,1,0
CRISPR.RT112,CC2,VN1R2,1,0
CRISPR.RT112,CC2,ABCG8,1,0
CRISPR.RT112,CC2,OR12D2,1,0
CRISPR.RT112,CC2,POU4F2,1,0
CRISPR.RT112,CC2,DEFB129,1,0
CRISPR.RT112,CC2,KRT77,1,0
CRISPR.RT112,CC2,PLA2G2E,1,0
CRISPR.RT112,CC2,TAAR1,1,0
CRISPR.RT112,CC2,TAS2R9,1,0
CRISPR.RT112,CC2,OR52E8,1,0
CRISPR.RT112,HitSelect,PSMB2,0.01075269,1
CRISPR.RT112,HitSelect,RPS19,0.01075269,1
CRISPR.RT112,HitSelect,RPS13,0.01075269,1
CRISPR.RT112,HitSelect,RPL11,0.01075269,1
CRISPR.RT112,HitSelect,RPS9,0.01075269,1
CRISPR.RT112,HitSelect,NUP93,0.01075269,1
CRISPR.RT112,HitSelect,RPS8,0.01075269,1
CRISPR.RT112,HitSelect,RPL35A,0.01075269,1
CRISPR.RT112,HitSelect,RPL36,0.01075269,1
CRISPR.RT112,HitSelect,POLR2A,0.01075269,1
CRISPR.RT112,HitSelect,RPL9,0.01075269,1
CRISPR.RT112,HitSelect,POLR2D,0.01075269,1
CRISPR.RT112,HitSelect,PSMD6,0.01075269,1
CRISPR.RT112,HitSelect,COPB1,0.01075269,1
CRISPR.RT112,HitSelect,RPL34,0.01075269,1
CRISPR.RT112,HitSelect,COPA,0.01075269,1
CRISPR.RT112,HitSelect,COPS4,0.01075269,1
CRISPR.RT112,HitSelect,PSMD11,0.01075269,1
CRISPR.RT112,HitSelect,RPL18A,0.01075269,1
CRISPR.RT112,HitSelect,PSMD7,0.01075269,1
CRISPR.RT112,HitSelect,PSMC2,0.01075269,1
CRISPR.RT112,HitSelect,PSMC1,0.01075269,1
CRISPR.RT112,HitSelect,PSMC4,0.01075269,1
CRISPR.RT112,HitSelect,COPZ1,0.01075269,1
CRISPR.RT112,HitSelect,PSMB3,0.04301075,1
CRISPR.RT112,HitSelect,PSMA3,0.04301075,1
CRISPR.RT112,HitSelect,RPL30,0.04301075,1
CRISPR.RT112,HitSelect,POLA1,0.04301075,1
CRISPR.RT112,HitSelect,RPS11,0.04301075,1
CRISPR.RT112,HitSelect,RPL5,0.04301075,1
CRISPR.RT112,HitSelect,POLR2F,0.04301075,1
CRISPR.RT112,HitSelect,NUP133,0.09646697,1
CRISPR.RT112,HitSelect,RPS3A,0.09646697,1
CRISPR.RT112,HitSelect,NUP98,0.09646697,1
CRISPR.RT112,HitSelect,RPL27,0.09646697,1
CRISPR.RT112,HitSelect,NUP205,0.1083137,1
CRISPR.RT112,HitSelect,COPS6,0.1083137,1
CRISPR.RT112,HitSelect,NUP54,0.1083137,1
CRISPR.RT112,HitSelect,RPL3,0.1083137,1
CRISPR.RT112,HitSelect,COPS2,0.1083137,1
CRISPR.RT112,HitSelect,PSMD1,0.1083137,1
CRISPR.RT112,HitSelect,COPS8,0.1171357,1
CRISPR.RT112,HitSelect,RPS24,0.1171357,1
CRISPR.RT112,HitSelect,RPS27,0.1171357,1
CRISPR.RT112,HitSelect,RPS7,0.1171357,1
CRISPR.RT112,HitSelect,RPL6,0.1171357,1
CRISPR.RT112,HitSelect,LYZL6,0.1171357,0
CRISPR.RT112,HitSelect,IL1F10,1,0
CRISPR.RT112,HitSelect,MRGPRD,1,0
CRISPR.RT112,HitSelect,DMRTC2,1,0
CRISPR.RT112,HitSelect,DMRTB1,1,0
CRISPR.RT112,HitSelect,KRT25,1,0
CRISPR.RT112,HitSelect,HTR3D,1,0
CRISPR.RT112,HitSelect,PIWIL3,1,0
CRISPR.RT112,HitSelect,OR9Q2,1,0
CRISPR.RT112,HitSelect,OC90,1,0
CRISPR.RT112,HitSelect,TPH2,1,0
CRISPR.RT112,HitSelect,OTUD6A,1,0
CRISPR.RT112,HitSelect,RNASE9,1,0
CRISPR.RT112,HitSelect,KRT9,1,0
CRISPR.RT112,HitSelect,KRT74,1,0
CRISPR.RT112,HitSelect,LUZP4,1,0
CRISPR.RT112,HitSelect,CYP7A1,1,0
CRISPR.RT112,HitSelect,NPHS2,1,0
CRISPR.RT112,HitSelect,RPTN,1,0
CRISPR.RT112,HitSelect,CRYGB,1,0
CRISPR.RT112,HitSelect,ABCG8,1,0
CRISPR.RT112,HitSelect,IL22,1,0
CRISPR.RT112,HitSelect,SPATA16,1,0
CRISPR.RT112,HitSelect,OR12D2,1,0
CRISPR.RT112,HitSelect,FCRL4,1,0
CRISPR.RT112,HitSelect,TAS2R13,1,0
CRISPR.RT112,HitSelect,CABP5,1,0
CRISPR.RT112,HitSelect,TRIM42,1,0
CRISPR.RT112,HitSelect,NPSR1,1,0
CRISPR.RT112,HitSelect,RXFP2,1,0
CRISPR.RT112,HitSelect,KRT77,1,0
CRISPR.RT112,HitSelect,OLIG2,1,0
CRISPR.RT112,HitSelect,ADH7,1,0
CRISPR.RT112,HitSelect,DEFB129,1,0
CRISPR.RT112,HitSelect,TAS2R9,1,0
CRISPR.RT112,HitSelect,SAGE1,1,0
CRISPR.RT112,HitSelect,LHX5,1,0
CRISPR.RT112,HitSelect,TGM6,1,0
CRISPR.RT112,HitSelect,TAAR8,1,0
CRISPR.RT112,HitSelect,PLA2G2E,1,0
CRISPR.RT112,HitSelect,VN1R2,1,0
CRISPR.RT112,HitSelect,MAGEB3,1,0
CRISPR.RT112,HitSelect,FAM71B,1,0
CRISPR.RT112,HitSelect,TAAR1,1,0
CRISPR.RT112,HitSelect,NLRP5,1,0
CRISPR.RT112,HitSelect,POU4F2,1,0
CRISPR.RT112,HitSelect,OR52E8,1,0
CRISPR.RT112,MAGeCK,PSMD6,2.32e-4,1
CRISPR.RT112,MAGeCK,NUP98,4.64e-4,1
CRISPR.RT112,MAGeCK,PSMB2,2.32e-4,1
CRISPR.RT112,MAGeCK,RPS13,0.002205,1
CRISPR.RT112,MAGeCK,PSMD11,0.003946,1
CRISPR.RT112,MAGeCK,PSMC4,0.003946,1
CRISPR.RT112,MAGeCK,RPL3,0.006289,1
CRISPR.RT112,MAGeCK,RPL11,0.006289,1
CRISPR.RT112,MAGeCK,PSMC1,0.006289,1
CRISPR.RT112,MAGeCK,PSMD7,0.006289,1
CRISPR.RT112,MAGeCK,COPB1,0.006289,1
CRISPR.RT112,MAGeCK,COPS4,0.006607,1
CRISPR.RT112,MAGeCK,NUP205,0.006607,1
CRISPR.RT112,MAGeCK,RPL18A,0.006864,1
CRISPR.RT112,MAGeCK,POLR2F,0.008449,1
CRISPR.RT112,MAGeCK,POLR2D,0.008821,1
CRISPR.RT112,MAGeCK,RPS19,0.008821,1
CRISPR.RT112,MAGeCK,RPS8,0.009259,1
CRISPR.RT112,MAGeCK,COPA,0.01273,1
CRISPR.RT112,MAGeCK,POLR2A,0.016318,1
CRISPR.RT112,MAGeCK,NUP93,0.019609,1
CRISPR.RT112,MAGeCK,NUP54,0.024711,1
CRISPR.RT112,MAGeCK,PSMC2,0.03163,1
CRISPR.RT112,MAGeCK,COPS6,0.041222,1
CRISPR.RT112,MAGeCK,RPL36,0.044104,1
CRISPR.RT112,MAGeCK,POLA1,0.055452,1
CRISPR.RT112,MAGeCK,RPS3A,0.055407,1
CRISPR.RT112,MAGeCK,RPL35A,0.089253,1
CRISPR.RT112,MAGeCK,COPZ1,0.131398,1
CRISPR.RT112,MAGeCK,PSMD1,0.130749,1
CRISPR.RT112,MAGeCK,RPS9,0.131398,1
CRISPR.RT112,MAGeCK,RPS27,0.115311,1
CRISPR.RT112,MAGeCK,NUP133,0.140081,1
CRISPR.RT112,MAGeCK,RPL34,0.138418,1
CRISPR.RT112,MAGeCK,RPS11,0.149821,1
CRISPR.RT112,MAGeCK,COPS8,0.221539,1
CRISPR.RT112,MAGeCK,RPL9,0.243231,1
CRISPR.RT112,MAGeCK,RPL5,0.277073,1
CRISPR.RT112,MAGeCK,PSMA3,0.358939,1
CRISPR.RT112,MAGeCK,PSMB3,0.363846,1
CRISPR.RT112,MAGeCK,COPS2,0.665838,1
CRISPR.RT112,MAGeCK,RPL30,0.697599,1
CRISPR.RT112,MAGeCK,RPL6,0.401714,1
CRISPR.RT112,MAGeCK,RPS24,0.890004,1
CRISPR.RT112,MAGeCK,RPL27,0.999995,1
CRISPR.RT112,MAGeCK,RPS7,0.999995,1
CRISPR.RT112,MAGeCK,MRGPRD,0.999995,0
CRISPR.RT112,MAGeCK,LYZL6,0.999995,0
CRISPR.RT112,MAGeCK,IL1F10,0.999995,0
CRISPR.RT112,MAGeCK,KRT25,0.999995,0
CRISPR.RT112,MAGeCK,CRYGB,0.999995,0
CRISPR.RT112,MAGeCK,OTUD6A,0.999995,0
CRISPR.RT112,MAGeCK,PIWIL3,0.999995,0
CRISPR.RT112,MAGeCK,TPH2,0.999995,0
CRISPR.RT112,MAGeCK,NPSR1,0.999995,0
CRISPR.RT112,MAGeCK,DMRTB1,0.999995,0
CRISPR.RT112,MAGeCK,RPTN,0.999995,0
CRISPR.RT112,MAGeCK,HTR3D,0.999995,0
CRISPR.RT112,MAGeCK,DMRTC2,0.999995,0
CRISPR.RT112,MAGeCK,OLIG2,0.999995,0
CRISPR.RT112,MAGeCK,IL22,0.999995,0
CRISPR.RT112,MAGeCK,OR9Q2,0.999995,0
CRISPR.RT112,MAGeCK,RXFP2,0.999995,0
CRISPR.RT112,MAGeCK,LUZP4,0.999995,0
CRISPR.RT112,MAGeCK,KRT74,0.999995,0
CRISPR.RT112,MAGeCK,RNASE9,0.999995,0
CRISPR.RT112,MAGeCK,OC90,0.999995,0
CRISPR.RT112,MAGeCK,NPHS2,0.999995,0
CRISPR.RT112,MAGeCK,FCRL4,0.999995,0
CRISPR.RT112,MAGeCK,LHX5,0.999995,0
CRISPR.RT112,MAGeCK,FAM71B,0.999995,0
CRISPR.RT112,MAGeCK,CYP7A1,0.999995,0
CRISPR.RT112,MAGeCK,SAGE1,0.999995,0
CRISPR.RT112,MAGeCK,SPATA16,0.999995,0
CRISPR.RT112,MAGeCK,TAAR8,0.999995,0
CRISPR.RT112,MAGeCK,CABP5,0.999995,0
CRISPR.RT112,MAGeCK,ADH7,0.999995,0
CRISPR.RT112,MAGeCK,TRIM42,0.999995,0
CRISPR.RT112,MAGeCK,KRT9,0.999995,0
CRISPR.RT112,MAGeCK,TAS2R13,0.999995,0
CRISPR.RT112,MAGeCK,NLRP5,0.999995,0
CRISPR.RT112,MAGeCK,MAGEB3,0.999995,0
CRISPR.RT112,MAGeCK,VN1R2,0.999995,0
CRISPR.RT112,MAGeCK,ABCG8,0.999995,0
CRISPR.RT112,MAGeCK,OR12D2,0.999995,0
CRISPR.RT112,MAGeCK,POU4F2,0.999995,0
CRISPR.RT112,MAGeCK,DEFB129,0.999995,0
CRISPR.RT112,MAGeCK,KRT77,0.999995,0
CRISPR.RT112,MAGeCK,PLA2G2E,0.999995,0
CRISPR.RT112,MAGeCK,TAAR1,0.999995,0
CRISPR.RT112,MAGeCK,TGM6,0.999995,0
CRISPR.RT112,MAGeCK,TAS2R9,0.999995,0
CRISPR.RT112,MAGeCK,OR52E8,0.999995,0
CRISPR.RT112,PBNPA,ABCG8,0.9999999983423613,0
CRISPR.RT112,PBNPA,ADH7,0.9999999983423613,0
CRISPR.RT112,PBNPA,CABP5,0.9999999983423613,0
CRISPR.RT112,PBNPA,COPA,3.676827278257562e-4,1
CRISPR.RT112,PBNPA,COPB1,0.0014952931708086864,1
CRISPR.RT112,PBNPA,COPS2,0.11282460294444861,1
CRISPR.RT112,PBNPA,COPS4,3.676827278257562e-4,1
CRISPR.RT112,PBNPA,COPS6,0.05273923255485169,1
CRISPR.RT112,PBNPA,COPS8,0.5408380008266844,1
CRISPR.RT112,PBNPA,COPZ1,0.23335850294819915,1
CRISPR.RT112,PBNPA,CRYGB,0.9999999983423613,0
CRISPR.RT112,PBNPA,CYP7A1,0.9999999983423613,0
CRISPR.RT112,PBNPA,DEFB129,0.9999999983423613,0
CRISPR.RT112,PBNPA,DMRTB1,0.9999999983423613,0
CRISPR.RT112,PBNPA,DMRTC2,0.9999999983423613,0
CRISPR.RT112,PBNPA,FAM71B,0.9999999983423613,0
CRISPR.RT112,PBNPA,FCRL4,0.9999999983423613,0
CRISPR.RT112,PBNPA,HTR3D,0.9999999983423613,0
CRISPR.RT112,PBNPA,IL1F10,0.9999999983423613,0
CRISPR.RT112,PBNPA,IL22,0.9999999983423613,0
CRISPR.RT112,PBNPA,KRT25,0.9999999983423613,0
CRISPR.RT112,PBNPA,KRT74,0.9999999983423613,0
CRISPR.RT112,PBNPA,KRT77,0.9999999983423613,0
CRISPR.RT112,PBNPA,KRT9,0.9999999983423613,0
CRISPR.RT112,PBNPA,LHX5,0.9999999983423613,0
CRISPR.RT112,PBNPA,LUZP4,0.9999999983423613,0
CRISPR.RT112,PBNPA,LYZL6,0.9999999983423613,0
CRISPR.RT112,PBNPA,MAGEB3,0.9999999983423613,0
CRISPR.RT112,PBNPA,MRGPRD,0.9999999983423613,0
CRISPR.RT112,PBNPA,NLRP5,0.9999999983423613,0
CRISPR.RT112,PBNPA,NPHS2,0.9999999983423613,0
CRISPR.RT112,PBNPA,NPSR1,0.9999999983423613,0
CRISPR.RT112,PBNPA,NUP133,0.015932871709162782,1
CRISPR.RT112,PBNPA,NUP205,0.03636792021359774,1
CRISPR.RT112,PBNPA,NUP54,0.06147862856206331,1
CRISPR.RT112,PBNPA,NUP93,1.0549781674488168e-4,1
CRISPR.RT112,PBNPA,NUP98,0.14005916230894006,1
CRISPR.RT112,PBNPA,OC90,0.9999999983423613,0
CRISPR.RT112,PBNPA,OLIG2,0.9999999983423613,0
CRISPR.RT112,PBNPA,OR12D2,0.9999999983423613,0
CRISPR.RT112,PBNPA,OR52E8,0.9999999983423613,0
CRISPR.RT112,PBNPA,OR9Q2,0.9999999983423613,0
CRISPR.RT112,PBNPA,OTUD6A,0.9999999983423613,0
CRISPR.RT112,PBNPA,PIWIL3,0.9999999983423613,0
CRISPR.RT112,PBNPA,PLA2G2E,0.9999999983423613,0
CRISPR.RT112,PBNPA,POLA1,0.03248965425199254,1
CRISPR.RT112,PBNPA,POLR2A,0.00793570224518636,1
CRISPR.RT112,PBNPA,POLR2D,5.675527995022531e-5,1
CRISPR.RT112,PBNPA,POLR2F,0.015932871709162782,1
CRISPR.RT112,PBNPA,POU4F2,0.9999999983423613,0
CRISPR.RT112,PBNPA,PSMA3,0.03668103725199896,1
CRISPR.RT112,PBNPA,PSMB2,4.1945313495772574e-5,1
CRISPR.RT112,PBNPA,PSMB3,0.168804955346768,1
CRISPR.RT112,PBNPA,PSMC1,6.060253314823073e-4,1
CRISPR.RT112,PBNPA,PSMC2,0.012626246561873708,1
CRISPR.RT112,PBNPA,PSMC4,0.011978786125099632,1
CRISPR.RT112,PBNPA,PSMD1,0.12341724127334765,1
CRISPR.RT112,PBNPA,PSMD11,0.0025975363308220665,1
CRISPR.RT112,PBNPA,PSMD6,0.006903737223813839,1
CRISPR.RT112,PBNPA,PSMD7,2.4650049434447245e-4,1
CRISPR.RT112,PBNPA,RNASE9,0.9999999983423613,0
CRISPR.RT112,PBNPA,RPL11,1.6732426390997368e-5,1
CRISPR.RT112,PBNPA,RPL18A,3.0891242717911993e-4,1
CRISPR.RT112,PBNPA,RPL27,0.5852192619284243,1
CRISPR.RT112,PBNPA,RPL3,0.1716423335407314,1
CRISPR.RT112,PBNPA,RPL30,0.24399007626382024,1
CRISPR.RT112,PBNPA,RPL34,1.6732426390997368e-5,1
CRISPR.RT112,PBNPA,RPL35A,3.4998158017729435e-5,1
CRISPR.RT112,PBNPA,RPL36,0.0010020033680085416,1
CRISPR.RT112,PBNPA,RPL5,0.12523745307084713,1
CRISPR.RT112,PBNPA,RPL6,0.006903737223813839,1
CRISPR.RT112,PBNPA,RPL9,0.03627473508484744,1
CRISPR.RT112,PBNPA,RPS11,0.06147862856206331,1
CRISPR.RT112,PBNPA,RPS13,5.842824377634559e-5,1
CRISPR.RT112,PBNPA,RPS19,3.378717354221572e-5,1
CRISPR.RT112,PBNPA,RPS24,0.6194978418919992,1
CRISPR.RT112,PBNPA,RPS27,0.12523745307084713,1
CRISPR.RT112,PBNPA,RPS3A,0.012626246561873708,1
CRISPR.RT112,PBNPA,RPS7,0.9999999983423613,1
CRISPR.RT112,PBNPA,RPS8,6.335370559584774e-5,1
CRISPR.RT112,PBNPA,RPS9,1.6732426390997368e-5,1
CRISPR.RT112,PBNPA,RPTN,0.9999999983423613,0
CRISPR.RT112,PBNPA,RXFP2,0.9999999983423613,0
CRISPR.RT112,PBNPA,SAGE1,0.9999999983423613,0
CRISPR.RT112,PBNPA,SPATA16,0.9999999983423613,0
CRISPR.RT112,PBNPA,TAAR1,0.9999999983423613,0
CRISPR.RT112,PBNPA,TAAR8,0.9999999983423613,0
CRISPR.RT112,PBNPA,TAS2R13,0.9999999983423613,0
CRISPR.RT112,PBNPA,TAS2R9,0.9999999983423613,0
CRISPR.RT112,PBNPA,TGM6,0.9999999983423613,0
CRISPR.RT112,PBNPA,TPH2,0.9999999983423613,0
CRISPR.RT112,PBNPA,TRIM42,0.9999999983423613,0
CRISPR.RT112,PBNPA,VN1R2,0.9999999983423613,0
CRISPR.RT112,PinAPL-py,COPA,0,1
CRISPR.RT112,PinAPL-py,COPB1,0,1
CRISPR.RT112,PinAPL-py,COPS4,0,1
CRISPR.RT112,PinAPL-py,NUP93,0,1
CRISPR.RT112,PinAPL-py,NUP98,0,1
CRISPR.RT112,PinAPL-py,POLR2A,0,1
CRISPR.RT112,PinAPL-py,POLR2D,0,1
CRISPR.RT112,PinAPL-py,PSMB2,0,1
CRISPR.RT112,PinAPL-py,PSMC2,0,1
CRISPR.RT112,PinAPL-py,PSMD11,0,1
CRISPR.RT112,PinAPL-py,PSMD6,0,1
CRISPR.RT112,PinAPL-py,PSMD7,0,1
CRISPR.RT112,PinAPL-py,RPL11,0,1
CRISPR.RT112,PinAPL-py,RPS13,0,1
CRISPR.RT112,PinAPL-py,RPS19,0,1
CRISPR.RT112,PinAPL-py,RPS8,0,1
CRISPR.RT112,PinAPL-py,RPS9,0,1
CRISPR.RT112,PinAPL-py,RPL3,6.66133814775e-16,1
CRISPR.RT112,PinAPL-py,RPL36,1.11022302463e-15,1
CRISPR.RT112,PinAPL-py,COPS6,0.0129544981391,1
CRISPR.RT112,PinAPL-py,COPZ1,0.0205137750969,1
CRISPR.RT112,PinAPL-py,PSMC4,0.0324010513199,1
CRISPR.RT112,PinAPL-py,POLR2F,0.0368927153629,1
CRISPR.RT112,PinAPL-py,NUP133,0.0489524045149,1
CRISPR.RT112,PinAPL-py,NUP205,0.0489524045149,1
CRISPR.RT112,PinAPL-py,NUP54,0.0489524045149,1
CRISPR.RT112,PinAPL-py,PSMC1,0.0489524045149,1
CRISPR.RT112,PinAPL-py,PSMD1,0.0489524045149,1
CRISPR.RT112,PinAPL-py,POLA1,0.0547761240404,1
CRISPR.RT112,PinAPL-py,RPL35A,0.108697811042,1
CRISPR.RT112,PinAPL-py,RPL9,0.126513128321,1
CRISPR.RT112,PinAPL-py,PSMA3,0.137253025694,1
CRISPR.RT112,PinAPL-py,COPS8,0.198439328097,1
CRISPR.RT112,PinAPL-py,RPL34,0.296187691734,1
CRISPR.RT112,PinAPL-py,RPS3A,0.357909556592,1
CRISPR.RT112,PinAPL-py,RPL18A,0.522724137299,1
CRISPR.RT112,PinAPL-py,RPS11,0.527725961738,1
CRISPR.RT112,PinAPL-py,PSMB3,0.529358252373,1
CRISPR.RT112,PinAPL-py,RPL5,0.536529929062,1
CRISPR.RT112,PinAPL-py,RPL30,0.614344575489,1
CRISPR.RT112,PinAPL-py,COPS2,0.763340487158,1
CRISPR.RT112,PinAPL-py,RPS24,0.986562399582,1
CRISPR.RT112,PinAPL-py,RPL27,0.997450081482,1
CRISPR.RT112,PinAPL-py,ABCG8,1,0
CRISPR.RT112,PinAPL-py,ADH7,1,0
CRISPR.RT112,PinAPL-py,CABP5,1,0
CRISPR.RT112,PinAPL-py,CRYGB,1,0
CRISPR.RT112,PinAPL-py,CYP7A1,1,0
CRISPR.RT112,PinAPL-py,DEFB129,1,0
CRISPR.RT112,PinAPL-py,DMRTB1,1,0
CRISPR.RT112,PinAPL-py,DMRTC2,1,0
CRISPR.RT112,PinAPL-py,FAM71B,1,0
CRISPR.RT112,PinAPL-py,FCRL4,1,0
CRISPR.RT112,PinAPL-py,HTR3D,1,0
CRISPR.RT112,PinAPL-py,IL1F10,1,0
CRISPR.RT112,PinAPL-py,IL22,1,0
CRISPR.RT112,PinAPL-py,KRT25,1,0
CRISPR.RT112,PinAPL-py,KRT74,1,0
CRISPR.RT112,PinAPL-py,KRT77,1,0
CRISPR.RT112,PinAPL-py,KRT9,1,0
CRISPR.RT112,PinAPL-py,LHX5,1,0
CRISPR.RT112,PinAPL-py,LUZP4,1,0
CRISPR.RT112,PinAPL-py,LYZL6,1,0
CRISPR.RT112,PinAPL-py,MAGEB3,1,0
CRISPR.RT112,PinAPL-py,MRGPRD,1,0
CRISPR.RT112,PinAPL-py,NLRP5,1,0
CRISPR.RT112,PinAPL-py,NPHS2,1,0
CRISPR.RT112,PinAPL-py,NPSR1,1,0
CRISPR.RT112,PinAPL-py,OC90,1,0
CRISPR.RT112,PinAPL-py,OLIG2,1,0
CRISPR.RT112,PinAPL-py,OR12D2,1,0
CRISPR.RT112,PinAPL-py,OR52E8,1,0
CRISPR.RT112,PinAPL-py,OR9Q2,1,0
CRISPR.RT112,PinAPL-py,OTUD6A,1,0
CRISPR.RT112,PinAPL-py,PIWIL3,1,0
CRISPR.RT112,PinAPL-py,PLA2G2E,1,0
CRISPR.RT112,PinAPL-py,POU4F2,1,0
CRISPR.RT112,PinAPL-py,RNASE9,1,0
CRISPR.RT112,PinAPL-py,RPL6,1,1
CRISPR.RT112,PinAPL-py,RPS27,1,1
CRISPR.RT112,PinAPL-py,RPS7,1,1
CRISPR.RT112,PinAPL-py,RPTN,1,0
CRISPR.RT112,PinAPL-py,RXFP2,1,0
CRISPR.RT112,PinAPL-py,SAGE1,1,0
CRISPR.RT112,PinAPL-py,SPATA16,1,0
CRISPR.RT112,PinAPL-py,TAAR1,1,0
CRISPR.RT112,PinAPL-py,TAAR8,1,0
CRISPR.RT112,PinAPL-py,TAS2R13,1,0
CRISPR.RT112,PinAPL-py,TAS2R9,1,0
CRISPR.RT112,PinAPL-py,TGM6,1,0
CRISPR.RT112,PinAPL-py,TPH2,1,0
CRISPR.RT112,PinAPL-py,TRIM42,1,0
CRISPR.RT112,PinAPL-py,VN1R2,1,0
CRISPR.RT112,ScreenBEAM,RPS13,1.1177826942913869e-7,1
CRISPR.RT112,ScreenBEAM,RPL11,9.078102170584606e-6,1
CRISPR.RT112,ScreenBEAM,RPS19,2.5896120070472917e-6,1
CRISPR.RT112,ScreenBEAM,RPL35A,0.010082084482299459,1
CRISPR.RT112,ScreenBEAM,PSMB2,1.4653524607561237e-8,1
CRISPR.RT112,ScreenBEAM,POLR2D,1.3457303288982494e-5,1
CRISPR.RT112,ScreenBEAM,RPS8,5.0057073006324e-4,1
CRISPR.RT112,ScreenBEAM,NUP93,1.3797117162607693e-4,1
CRISPR.RT112,ScreenBEAM,POLR2A,0.0011094578923915314,1
CRISPR.RT112,ScreenBEAM,RPL18A,3.8729010105923654e-5,1
CRISPR.RT112,ScreenBEAM,RPL34,0.0033919546694266434,1
CRISPR.RT112,ScreenBEAM,RPL36,0.0017188991637868258,1
CRISPR.RT112,ScreenBEAM,PSMD11,3.688307656118672e-7,1
CRISPR.RT112,ScreenBEAM,COPB1,4.1608462897059144e-6,1
CRISPR.RT112,ScreenBEAM,PSMD7,8.517124433334469e-6,1
CRISPR.RT112,ScreenBEAM,COPA,2.210322049018724e-4,1
CRISPR.RT112,ScreenBEAM,COPS4,1.338654707197072e-5,1
CRISPR.RT112,ScreenBEAM,RPS3A,4.2291453037613335e-4,1
CRISPR.RT112,ScreenBEAM,RPS9,0.007559209200342252,1
CRISPR.RT112,ScreenBEAM,PSMC4,6.335775986929205e-5,1
CRISPR.RT112,ScreenBEAM,PSMD6,2.3883854662561422e-11,1
CRISPR.RT112,ScreenBEAM,RPL9,0.012501359540918045,1
CRISPR.RT112,ScreenBEAM,RPL6,0.016356565608481387,1
CRISPR.RT112,ScreenBEAM,PSMC1,9.642798987814859e-4,1
CRISPR.RT112,ScreenBEAM,POLR2F,6.775900699212219e-4,1
CRISPR.RT112,ScreenBEAM,PSMC2,2.078827314827021e-4,1
CRISPR.RT112,ScreenBEAM,POLA1,0.0058421300997070595,1
CRISPR.RT112,ScreenBEAM,RPS11,0.027728001241586503,1
CRISPR.RT112,ScreenBEAM,NUP205,0.0021399554492601194,1
CRISPR.RT112,ScreenBEAM,COPS6,8.896510628891764e-4,1
CRISPR.RT112,ScreenBEAM,NUP133,0.012501359540918045,1
CRISPR.RT112,ScreenBEAM,RPL5,0.020197212566087565,1
CRISPR.RT112,ScreenBEAM,NUP54,0.006300549166077598,1
CRISPR.RT112,ScreenBEAM,RPL3,0.005278686449464305,1
CRISPR.RT112,ScreenBEAM,PSMA3,0.02740999258824677,1
CRISPR.RT112,ScreenBEAM,PSMB3,0.07957670887034313,1
CRISPR.RT112,ScreenBEAM,COPZ1,0.010905018087684182,1
CRISPR.RT112,ScreenBEAM,NUP98,3.7078242301721235e-5,1
CRISPR.RT112,ScreenBEAM,COPS2,0.030785349998484597,1
CRISPR.RT112,ScreenBEAM,RPL30,0.0808817129167027,1
CRISPR.RT112,ScreenBEAM,RPS27,0.0379040815714427,1
CRISPR.RT112,ScreenBEAM,PSMD1,0.01626230059271943,1
CRISPR.RT112,ScreenBEAM,RPL27,0.2284338519264092,1
CRISPR.RT112,ScreenBEAM,COPS8,0.1372807124807039,1
CRISPR.RT112,ScreenBEAM,RPS24,0.4135615173850576,1
CRISPR.RT112,ScreenBEAM,RPS7,0.7453058609811176,1
CRISPR.RT112,ScreenBEAM,IL1F10,1,0
CRISPR.RT112,ScreenBEAM,LYZL6,1,0
CRISPR.RT112,ScreenBEAM,MRGPRD,1,0
CRISPR.RT112,ScreenBEAM,DMRTC2,1,0
CRISPR.RT112,ScreenBEAM,DMRTB1,1,0
CRISPR.RT112,ScreenBEAM,KRT25,1,0
CRISPR.RT112,ScreenBEAM,HTR3D,1,0
CRISPR.RT112,ScreenBEAM,PIWIL3,1,0
CRISPR.RT112,ScreenBEAM,OC90,1,0
CRISPR.RT112,ScreenBEAM,OR9Q2,1,0
CRISPR.RT112,ScreenBEAM,TPH2,1,0
CRISPR.RT112,ScreenBEAM,KRT74,1,0
CRISPR.RT112,ScreenBEAM,RNASE9,1,0
CRISPR.RT112,ScreenBEAM,RPTN,1,0
CRISPR.RT112,ScreenBEAM,FCRL4,1,0
CRISPR.RT112,ScreenBEAM,KRT9,1,0
CRISPR.RT112,ScreenBEAM,CRYGB,1,0
CRISPR.RT112,ScreenBEAM,OTUD6A,1,0
CRISPR.RT112,ScreenBEAM,CYP7A1,1,0
CRISPR.RT112,ScreenBEAM,IL22,1,0
CRISPR.RT112,ScreenBEAM,LUZP4,1,0
CRISPR.RT112,ScreenBEAM,SPATA16,1,0
CRISPR.RT112,ScreenBEAM,NPHS2,1,0
CRISPR.RT112,ScreenBEAM,ABCG8,1,0
CRISPR.RT112,ScreenBEAM,RXFP2,1,0
CRISPR.RT112,ScreenBEAM,NPSR1,1,0
CRISPR.RT112,ScreenBEAM,CABP5,1,0
CRISPR.RT112,ScreenBEAM,OLIG2,1,0
CRISPR.RT112,ScreenBEAM,OR12D2,1,0
CRISPR.RT112,ScreenBEAM,TAS2R13,1,0
CRISPR.RT112,ScreenBEAM,LHX5,1,0
CRISPR.RT112,ScreenBEAM,KRT77,1,0
CRISPR.RT112,ScreenBEAM,TRIM42,1,0
CRISPR.RT112,ScreenBEAM,PLA2G2E,1,0
CRISPR.RT112,ScreenBEAM,ADH7,1,0
CRISPR.RT112,ScreenBEAM,TAAR8,1,0
CRISPR.RT112,ScreenBEAM,SAGE1,1,0
CRISPR.RT112,ScreenBEAM,VN1R2,1,0
CRISPR.RT112,ScreenBEAM,TGM6,1,0
CRISPR.RT112,ScreenBEAM,TAS2R9,1,0
CRISPR.RT112,ScreenBEAM,MAGEB3,1,0
CRISPR.RT112,ScreenBEAM,DEFB129,1,0
CRISPR.RT112,ScreenBEAM,FAM71B,1,0
CRISPR.RT112,ScreenBEAM,TAAR1,1,0
CRISPR.RT112,ScreenBEAM,POU4F2,1,0
CRISPR.RT112,ScreenBEAM,NLRP5,1,0
CRISPR.RT112,ScreenBEAM,OR52E8,1,0
CRISPR.RT112,sgRSEA,OR52E8,1,0
CRISPR.RT112,sgRSEA,FAM71B,1,0
CRISPR.RT112,sgRSEA,NLRP5,1,0
CRISPR.RT112,sgRSEA,DEFB129,1,0
CRISPR.RT112,sgRSEA,PLA2G2E,1,0
CRISPR.RT112,sgRSEA,MAGEB3,1,0
CRISPR.RT112,sgRSEA,TAAR1,1,0
CRISPR.RT112,sgRSEA,TRIM42,1,0
CRISPR.RT112,sgRSEA,VN1R2,1,0
CRISPR.RT112,sgRSEA,TAS2R9,1,0
CRISPR.RT112,sgRSEA,SAGE1,1,0
CRISPR.RT112,sgRSEA,TAAR8,1,0
CRISPR.RT112,sgRSEA,IL22,1,0
CRISPR.RT112,sgRSEA,KRT77,1,0
CRISPR.RT112,sgRSEA,CABP5,1,0
CRISPR.RT112,sgRSEA,TGM6,1,0
CRISPR.RT112,sgRSEA,POU4F2,1,0
CRISPR.RT112,sgRSEA,NPHS2,1,0
CRISPR.RT112,sgRSEA,RXFP2,1,0
CRISPR.RT112,sgRSEA,ABCG8,1,0
CRISPR.RT112,sgRSEA,NPSR1,1,0
CRISPR.RT112,sgRSEA,CRYGB,1,0
CRISPR.RT112,sgRSEA,TAS2R13,1,0
CRISPR.RT112,sgRSEA,CYP7A1,1,0
CRISPR.RT112,sgRSEA,LHX5,1,0
CRISPR.RT112,sgRSEA,ADH7,1,0
CRISPR.RT112,sgRSEA,LUZP4,1,0
CRISPR.RT112,sgRSEA,OR12D2,1,0
CRISPR.RT112,sgRSEA,OLIG2,1,0
CRISPR.RT112,sgRSEA,SPATA16,1,0
CRISPR.RT112,sgRSEA,RPTN,1,0
CRISPR.RT112,sgRSEA,KRT74,1,0
CRISPR.RT112,sgRSEA,RNASE9,1,0
CRISPR.RT112,sgRSEA,KRT9,1,0
CRISPR.RT112,sgRSEA,OTUD6A,1,0
CRISPR.RT112,sgRSEA,FCRL4,1,0
CRISPR.RT112,sgRSEA,PIWIL3,1,0
CRISPR.RT112,sgRSEA,TPH2,1,0
CRISPR.RT112,sgRSEA,KRT25,1,0
CRISPR.RT112,sgRSEA,DMRTC2,1,0
CRISPR.RT112,sgRSEA,HTR3D,1,0
CRISPR.RT112,sgRSEA,OR9Q2,1,0
CRISPR.RT112,sgRSEA,DMRTB1,1,0
CRISPR.RT112,sgRSEA,OC90,1,0
CRISPR.RT112,sgRSEA,MRGPRD,1,0
CRISPR.RT112,sgRSEA,LYZL6,1,0
CRISPR.RT112,sgRSEA,RPS7,1,1
CRISPR.RT112,sgRSEA,IL1F10,1,0
CRISPR.RT112,sgRSEA,COPS8,1,1
CRISPR.RT112,sgRSEA,RPS24,1,1
CRISPR.RT112,sgRSEA,RPL27,0.6555789789439477,1
CRISPR.RT112,sgRSEA,PSMD1,0.35780826124788867,1
CRISPR.RT112,sgRSEA,COPS2,0.31939771565397485,1
CRISPR.RT112,sgRSEA,RPS27,0.3065567896811179,1
CRISPR.RT112,sgRSEA,RPL3,0.2913485654438718,1
CRISPR.RT112,sgRSEA,RPL30,0.28323181655320673,1
CRISPR.RT112,sgRSEA,COPZ1,0.1026659048873309,1
CRISPR.RT112,sgRSEA,PSMA3,0.05738683864803536,1
CRISPR.RT112,sgRSEA,NUP98,0.05738683864803536,1
CRISPR.RT112,sgRSEA,COPS6,0.04998208527409531,1
CRISPR.RT112,sgRSEA,PSMB3,0.04998208527409531,1
CRISPR.RT112,sgRSEA,NUP54,0.046858204944464354,1
CRISPR.RT112,sgRSEA,NUP205,0.04192045861698316,1
CRISPR.RT112,sgRSEA,POLA1,0.025546399140093157,1
CRISPR.RT112,sgRSEA,RPL5,0.02298026909153807,1
CRISPR.RT112,sgRSEA,NUP133,0.021420893688897987,1
CRISPR.RT112,sgRSEA,RPL9,0.020980134559496797,1
CRISPR.RT112,sgRSEA,RPL6,0.0025631838602100158,1
CRISPR.RT112,sgRSEA,RPS11,0.0025631838602100158,1
CRISPR.RT112,sgRSEA,PSMC2,0.0013883912576137583,1
CRISPR.RT112,sgRSEA,RPS9,0.0013883912576137583,1
CRISPR.RT112,sgRSEA,POLR2F,0.0013883912576137583,1
CRISPR.RT112,sgRSEA,PSMC4,0.0013883912576137583,1
CRISPR.RT112,sgRSEA,COPA,0.0013883912576137583,1
CRISPR.RT112,sgRSEA,PSMD7,0.0013883912576137583,1
CRISPR.RT112,sgRSEA,RPL34,0.0013883912576137583,1
CRISPR.RT112,sgRSEA,RPL36,0.0013883912576137583,1
CRISPR.RT112,sgRSEA,POLR2A,0.0013883912576137583,1
CRISPR.RT112,sgRSEA,RPL35A,0.0013883912576137583,1
CRISPR.RT112,sgRSEA,RPS8,0.0013883912576137583,1
CRISPR.RT112,sgRSEA,PSMD11,0.0013883912576137583,1
CRISPR.RT112,sgRSEA,PSMC1,0.0013883912576137583,1
CRISPR.RT112,sgRSEA,COPS4,0.0013883912576137583,1
CRISPR.RT112,sgRSEA,POLR2D,0.0013883912576137583,1
CRISPR.RT112,sgRSEA,COPB1,0.0013883912576137583,1
CRISPR.RT112,sgRSEA,RPS3A,0.0013883912576137583,1
CRISPR.RT112,sgRSEA,RPL18A,0.0013883912576137583,1
CRISPR.RT112,sgRSEA,PSMD6,0.0013883912576137583,1
CRISPR.RT112,sgRSEA,PSMB2,0.0013883912576137583,1
CRISPR.RT112,sgRSEA,NUP93,0.0013883912576137583,1
CRISPR.RT112,sgRSEA,RPL11,0.0013883912576137583,1
CRISPR.RT112,sgRSEA,RPS19,0.0013883912576137583,1
CRISPR.RT112,sgRSEA,RPS13,0.0013883912576137583,1
CRISPR.UMUC3,CC2,RPS19,9.317281034243887e-25,1
CRISPR.UMUC3,CC2,NUP93,5.506170413325207e-26,1
CRISPR.UMUC3,CC2,PSMD11,9.401233240748069e-22,1
CRISPR.UMUC3,CC2,RPS3A,4.5693844369890906e-8,1
CRISPR.UMUC3,CC2,PSMB3,2.1420729408864858e-7,1
CRISPR.UMUC3,CC2,POLR2A,4.3576113073253547e-13,1
CRISPR.UMUC3,CC2,RPS8,3.784544025700584e-19,1
CRISPR.UMUC3,CC2,RPL36,1.6724896872020546e-17,1
CRISPR.UMUC3,CC2,RPS13,2.7939221482806865e-21,1
CRISPR.UMUC3,CC2,RPS11,9.073234375397981e-9,1
CRISPR.UMUC3,CC2,PSMC1,8.689213685178353e-17,1
CRISPR.UMUC3,CC2,RPS9,1.4203735815230107e-14,1
CRISPR.UMUC3,CC2,COPB1,4.500966235625186e-27,1
CRISPR.UMUC3,CC2,RPL5,3.8995792954235824e-10,1
CRISPR.UMUC3,CC2,RPL11,3.459780521388612e-22,1
CRISPR.UMUC3,CC2,PSMB2,2.2132831469949547e-50,1
CRISPR.UMUC3,CC2,COPZ1,1.9128712013246755e-14,1
CRISPR.UMUC3,CC2,PSMD6,2.88957974612701e-28,1
CRISPR.UMUC3,CC2,COPA,2.442807967332282e-24,1
CRISPR.UMUC3,CC2,RPL18A,9.317281034243887e-25,1
CRISPR.UMUC3,CC2,POLR2F,1.87705530801411e-15,1
CRISPR.UMUC3,CC2,POLR2D,2.320215579512659e-24,1
CRISPR.UMUC3,CC2,PSMA3,2.6616862608655198e-12,1
CRISPR.UMUC3,CC2,RPL34,1.4203735815230107e-14,1
CRISPR.UMUC3,CC2,RPS24,0.024174167862937742,1
CRISPR.UMUC3,CC2,PSMC4,3.261649950263191e-18,1
CRISPR.UMUC3,CC2,RPL27,1.2884465623097925e-6,1
CRISPR.UMUC3,CC2,RPL9,1.660227106145339e-20,1
CRISPR.UMUC3,CC2,PSMC2,1.5921618303802532e-20,1
CRISPR.UMUC3,CC2,NUP54,7.445882163778395e-14,1
CRISPR.UMUC3,CC2,COPS4,8.399053206307953e-21,1
CRISPR.UMUC3,CC2,NUP133,2.2599833098492942e-14,1
CRISPR.UMUC3,CC2,RPL35A,4.3643698844642807e-14,1
CRISPR.UMUC3,CC2,RPL3,1.1960166976257796e-9,1
CRISPR.UMUC3,CC2,RPL30,6.354473563001094e-11,1
CRISPR.UMUC3,CC2,POLA1,3.077326039060265e-9,1
CRISPR.UMUC3,CC2,NUP98,4.3679141802368745e-12,1
CRISPR.UMUC3,CC2,COPS2,2.0263347685256548e-16,1
CRISPR.UMUC3,CC2,RPL6,0.002937680059779037,1
CRISPR.UMUC3,CC2,PSMD7,7.22632460537613e-21,1
CRISPR.UMUC3,CC2,COPS8,5.454064432496575e-9,1
CRISPR.UMUC3,CC2,COPS6,6.859947477432879e-14,1
CRISPR.UMUC3,CC2,NUP205,3.624059837020687e-13,1
CRISPR.UMUC3,CC2,PSMD1,4.3576113073253547e-13,1
CRISPR.UMUC3,CC2,RPS7,0.005936337516473707,1
CRISPR.UMUC3,CC2,RPS27,3.176432949752456e-5,1
CRISPR.UMUC3,CC2,LYZL6,0.7528513335533882,0
CRISPR.UMUC3,CC2,CRYGB,1,0
CRISPR.UMUC3,CC2,MRGPRD,1,0
CRISPR.UMUC3,CC2,IL1F10,1,0
CRISPR.UMUC3,CC2,OTUD6A,1,0
CRISPR.UMUC3,CC2,KRT25,1,0
CRISPR.UMUC3,CC2,PIWIL3,1,0
CRISPR.UMUC3,CC2,TPH2,1,0
CRISPR.UMUC3,CC2,RNASE9,1,0
CRISPR.UMUC3,CC2,NPSR1,1,0
CRISPR.UMUC3,CC2,DMRTB1,1,0
CRISPR.UMUC3,CC2,RPTN,1,0
CRISPR.UMUC3,CC2,HTR3D,1,0
CRISPR.UMUC3,CC2,DMRTC2,1,0
CRISPR.UMUC3,CC2,OLIG2,1,0
CRISPR.UMUC3,CC2,IL22,1,0
CRISPR.UMUC3,CC2,OR9Q2,1,0
CRISPR.UMUC3,CC2,RXFP2,1,0
CRISPR.UMUC3,CC2,LUZP4,1,0
CRISPR.UMUC3,CC2,KRT74,1,0
CRISPR.UMUC3,CC2,OC90,1,0
CRISPR.UMUC3,CC2,NPHS2,1,0
CRISPR.UMUC3,CC2,FCRL4,1,0
CRISPR.UMUC3,CC2,LHX5,1,0
CRISPR.UMUC3,CC2,FAM71B,1,0
CRISPR.UMUC3,CC2,CYP7A1,1,0
CRISPR.UMUC3,CC2,SAGE1,1,0
CRISPR.UMUC3,CC2,SPATA16,1,0
CRISPR.UMUC3,CC2,TAAR8,1,0
CRISPR.UMUC3,CC2,CABP5,1,0
CRISPR.UMUC3,CC2,ADH7,1,0
CRISPR.UMUC3,CC2,TGM6,1,0
CRISPR.UMUC3,CC2,TRIM42,1,0
CRISPR.UMUC3,CC2,KRT9,1,0
CRISPR.UMUC3,CC2,TAS2R13,1,0
CRISPR.UMUC3,CC2,NLRP5,1,0
CRISPR.UMUC3,CC2,MAGEB3,1,0
CRISPR.UMUC3,CC2,VN1R2,1,0
CRISPR.UMUC3,CC2,ABCG8,1,0
CRISPR.UMUC3,CC2,OR12D2,1,0
CRISPR.UMUC3,CC2,POU4F2,1,0
CRISPR.UMUC3,CC2,DEFB129,1,0
CRISPR.UMUC3,CC2,KRT77,1,0
CRISPR.UMUC3,CC2,PLA2G2E,1,0
CRISPR.UMUC3,CC2,TAAR1,1,0
CRISPR.UMUC3,CC2,TAS2R9,1,0
CRISPR.UMUC3,CC2,OR52E8,1,0
CRISPR.UMUC3,HitSelect,PSMB2,0.01075269,1
CRISPR.UMUC3,HitSelect,RPL11,0.01075269,1
CRISPR.UMUC3,HitSelect,NUP93,0.01075269,1
CRISPR.UMUC3,HitSelect,COPB1,0.01075269,1
CRISPR.UMUC3,HitSelect,PSMD7,0.01075269,1
CRISPR.UMUC3,HitSelect,RPS19,0.01075269,1
CRISPR.UMUC3,HitSelect,RPS9,0.01075269,1
CRISPR.UMUC3,HitSelect,COPA,0.01075269,1
CRISPR.UMUC3,HitSelect,RPL36,0.01075269,1
CRISPR.UMUC3,HitSelect,RPL9,0.01075269,1
CRISPR.UMUC3,HitSelect,RPS13,0.01075269,1
CRISPR.UMUC3,HitSelect,RPS8,0.01075269,1
CRISPR.UMUC3,HitSelect,RPL35A,0.01075269,1
CRISPR.UMUC3,HitSelect,POLR2D,0.01075269,1
CRISPR.UMUC3,HitSelect,PSMD11,0.01075269,1
CRISPR.UMUC3,HitSelect,PSMD6,0.01075269,1
CRISPR.UMUC3,HitSelect,COPS4,0.01075269,1
CRISPR.UMUC3,HitSelect,RPL18A,0.01075269,1
CRISPR.UMUC3,HitSelect,POLR2A,0.01075269,1
CRISPR.UMUC3,HitSelect,PSMA3,0.01075269,1
CRISPR.UMUC3,HitSelect,RPL34,0.05075269,1
CRISPR.UMUC3,HitSelect,COPZ1,0.05075269,1
CRISPR.UMUC3,HitSelect,PSMB3,0.05075269,1
CRISPR.UMUC3,HitSelect,PSMC1,0.05075269,1
CRISPR.UMUC3,HitSelect,RPL5,0.05075269,1
CRISPR.UMUC3,HitSelect,RPS11,0.07741935,1
CRISPR.UMUC3,HitSelect,PSMC4,0.07741935,1
CRISPR.UMUC3,HitSelect,RPL30,0.07741935,1
CRISPR.UMUC3,HitSelect,PSMC2,0.07741935,1
CRISPR.UMUC3,HitSelect,POLA1,0.07741935,1
CRISPR.UMUC3,HitSelect,COPS2,0.1045027,1
CRISPR.UMUC3,HitSelect,NUP205,0.1045027,1
CRISPR.UMUC3,HitSelect,NUP133,0.1283997,1
CRISPR.UMUC3,HitSelect,NUP54,0.1283997,1
CRISPR.UMUC3,HitSelect,COPS8,0.1536098,1
CRISPR.UMUC3,HitSelect,RPL27,0.1629266,1
CRISPR.UMUC3,HitSelect,POLR2F,0.1629266,1
CRISPR.UMUC3,HitSelect,PSMD1,0.1629266,1
CRISPR.UMUC3,HitSelect,NUP98,0.1629266,1
CRISPR.UMUC3,HitSelect,RPL3,0.1629266,1
CRISPR.UMUC3,HitSelect,COPS6,0.1629266,1
CRISPR.UMUC3,HitSelect,RPS3A,0.1629266,1
CRISPR.UMUC3,HitSelect,RPS24,0.1629266,1
CRISPR.UMUC3,HitSelect,RPL6,0.1629266,1
CRISPR.UMUC3,HitSelect,RPS7,0.1629266,1
CRISPR.UMUC3,HitSelect,RPS27,0.1629266,1
CRISPR.UMUC3,HitSelect,LYZL6,0.1809655,0
CRISPR.UMUC3,HitSelect,MRGPRD,0.1982527,0
CRISPR.UMUC3,HitSelect,KRT25,0.2148343,0
CRISPR.UMUC3,HitSelect,TPH2,0.2507527,0
CRISPR.UMUC3,HitSelect,FCRL4,0.2656546,0
CRISPR.UMUC3,HitSelect,PIWIL3,0.2992142,0
CRISPR.UMUC3,HitSelect,RPTN,0.3126395,0
CRISPR.UMUC3,HitSelect,RNASE9,0.344086,0
CRISPR.UMUC3,HitSelect,IL1F10,0.3562072,0
CRISPR.UMUC3,HitSelect,KRT9,0.3857527,0
CRISPR.UMUC3,HitSelect,ADH7,0.4142615,0
CRISPR.UMUC3,HitSelect,OR9Q2,0.4417872,0
CRISPR.UMUC3,HitSelect,DMRTC2,0.4514307,0
CRISPR.UMUC3,HitSelect,FAM71B,0.4774194,0
CRISPR.UMUC3,HitSelect,IL22,0.4861625,0
CRISPR.UMUC3,HitSelect,PLA2G2E,0.5107527,0
CRISPR.UMUC3,HitSelect,CRYGB,0.5345622,0
CRISPR.UMUC3,HitSelect,NPHS2,0.5576277,0
CRISPR.UMUC3,HitSelect,MAGEB3,0.5799835,0
CRISPR.UMUC3,HitSelect,POU4F2,0.6016618,0
CRISPR.UMUC3,HitSelect,KRT74,1,0
CRISPR.UMUC3,HitSelect,KRT77,1,0
CRISPR.UMUC3,HitSelect,CABP5,1,0
CRISPR.UMUC3,HitSelect,DMRTB1,1,0
CRISPR.UMUC3,HitSelect,LHX5,1,0
CRISPR.UMUC3,HitSelect,TAS2R13,1,0
CRISPR.UMUC3,HitSelect,CYP7A1,1,0
CRISPR.UMUC3,HitSelect,RXFP2,1,0
CRISPR.UMUC3,HitSelect,OTUD6A,1,0
CRISPR.UMUC3,HitSelect,TAAR8,1,0
CRISPR.UMUC3,HitSelect,TGM6,1,0
CRISPR.UMUC3,HitSelect,OC90,1,0
CRISPR.UMUC3,HitSelect,OR12D2,1,0
CRISPR.UMUC3,HitSelect,TAAR1,1,0
CRISPR.UMUC3,HitSelect,VN1R2,1,0
CRISPR.UMUC3,HitSelect,SAGE1,1,0
CRISPR.UMUC3,HitSelect,NPSR1,1,0
CRISPR.UMUC3,HitSelect,DEFB129,1,0
CRISPR.UMUC3,HitSelect,LUZP4,1,0
CRISPR.UMUC3,HitSelect,OR52E8,1,0
CRISPR.UMUC3,HitSelect,NLRP5,1,0
CRISPR.UMUC3,HitSelect,SPATA16,1,0
CRISPR.UMUC3,HitSelect,ABCG8,1,0
CRISPR.UMUC3,HitSelect,HTR3D,1,0
CRISPR.UMUC3,HitSelect,OLIG2,1,0
CRISPR.UMUC3,HitSelect,TAS2R9,1,0
CRISPR.UMUC3,HitSelect,TRIM42,1,0
CRISPR.UMUC3,MAGeCK,PSMB2,2.32e-4,1
CRISPR.UMUC3,MAGeCK,PSMD6,2.32e-4,1
CRISPR.UMUC3,MAGeCK,RPS13,0.002205,1
CRISPR.UMUC3,MAGeCK,PSMD7,0.002205,1
CRISPR.UMUC3,MAGeCK,RPL18A,0.003993,1
CRISPR.UMUC3,MAGeCK,PSMD11,0.004046,1
CRISPR.UMUC3,MAGeCK,NUP93,0.004046,1
CRISPR.UMUC3,MAGeCK,RPL11,0.004468,1
CRISPR.UMUC3,MAGeCK,COPB1,0.0060350000000000004,1
CRISPR.UMUC3,MAGeCK,COPA,0.0060350000000000004,1
CRISPR.UMUC3,MAGeCK,COPS4,0.0060350000000000004,1
CRISPR.UMUC3,MAGeCK,RPS19,0.008627,1
CRISPR.UMUC3,MAGeCK,POLR2D,0.012369,1
CRISPR.UMUC3,MAGeCK,PSMC4,0.012369,1
CRISPR.UMUC3,MAGeCK,RPL3,0.016311,1
CRISPR.UMUC3,MAGeCK,NUP54,0.063783,1
CRISPR.UMUC3,MAGeCK,RPS8,0.062019,1
CRISPR.UMUC3,MAGeCK,RPL35A,0.061368,1
CRISPR.UMUC3,MAGeCK,PSMC1,0.074721,1
CRISPR.UMUC3,MAGeCK,RPL36,0.074721,1
CRISPR.UMUC3,MAGeCK,PSMC2,0.090951,1
CRISPR.UMUC3,MAGeCK,PSMA3,0.090951,1
CRISPR.UMUC3,MAGeCK,RPL9,0.092023,1
CRISPR.UMUC3,MAGeCK,RPS11,0.118075,1
CRISPR.UMUC3,MAGeCK,POLR2F,0.118075,1
CRISPR.UMUC3,MAGeCK,POLR2A,0.118075,1
CRISPR.UMUC3,MAGeCK,RPS9,0.122944,1
CRISPR.UMUC3,MAGeCK,RPS3A,0.118075,1
CRISPR.UMUC3,MAGeCK,COPS6,0.133844,1
CRISPR.UMUC3,MAGeCK,RPL34,0.127253,1
CRISPR.UMUC3,MAGeCK,NUP205,0.243643,1
CRISPR.UMUC3,MAGeCK,NUP98,0.316353,1
CRISPR.UMUC3,MAGeCK,PSMB3,0.290375,1
CRISPR.UMUC3,MAGeCK,PSMD1,0.316907,1
CRISPR.UMUC3,MAGeCK,COPS2,0.385085,1
CRISPR.UMUC3,MAGeCK,COPZ1,0.442445,1
CRISPR.UMUC3,MAGeCK,POLA1,0.49831,1
CRISPR.UMUC3,MAGeCK,RPS27,0.442445,1
CRISPR.UMUC3,MAGeCK,NUP133,0.552403,1
CRISPR.UMUC3,MAGeCK,RPL6,0.354702,1
CRISPR.UMUC3,MAGeCK,RPL5,0.61441,1
CRISPR.UMUC3,MAGeCK,RPL30,0.652043,1
CRISPR.UMUC3,MAGeCK,COPS8,0.999995,1
CRISPR.UMUC3,MAGeCK,LYZL6,0.999995,0
CRISPR.UMUC3,MAGeCK,RPS24,0.999995,1
CRISPR.UMUC3,MAGeCK,RPL27,0.999995,1
CRISPR.UMUC3,MAGeCK,RPS7,0.999995,1
CRISPR.UMUC3,MAGeCK,MRGPRD,0.999995,0
CRISPR.UMUC3,MAGeCK,TPH2,0.999995,0
CRISPR.UMUC3,MAGeCK,KRT25,0.999995,0
CRISPR.UMUC3,MAGeCK,KRT9,0.999995,0
CRISPR.UMUC3,MAGeCK,PIWIL3,0.999995,0
CRISPR.UMUC3,MAGeCK,IL22,0.999995,0
CRISPR.UMUC3,MAGeCK,IL1F10,0.999995,0
CRISPR.UMUC3,MAGeCK,KRT74,0.999995,0
CRISPR.UMUC3,MAGeCK,RNASE9,0.999995,0
CRISPR.UMUC3,MAGeCK,FCRL4,0.999995,0
CRISPR.UMUC3,MAGeCK,PLA2G2E,0.999995,0
CRISPR.UMUC3,MAGeCK,ADH7,0.999995,0
CRISPR.UMUC3,MAGeCK,DMRTC2,0.999995,0
CRISPR.UMUC3,MAGeCK,TAS2R13,0.999995,0
CRISPR.UMUC3,MAGeCK,RPTN,0.999995,0
CRISPR.UMUC3,MAGeCK,DMRTB1,0.999995,0
CRISPR.UMUC3,MAGeCK,TAAR8,0.999995,0
CRISPR.UMUC3,MAGeCK,OR9Q2,0.999995,0
CRISPR.UMUC3,MAGeCK,POU4F2,0.999995,0
CRISPR.UMUC3,MAGeCK,CRYGB,0.999995,0
CRISPR.UMUC3,MAGeCK,NPHS2,0.999995,0
CRISPR.UMUC3,MAGeCK,FAM71B,0.999995,0
CRISPR.UMUC3,MAGeCK,MAGEB3,0.999995,0
CRISPR.UMUC3,MAGeCK,LHX5,0.999995,0
CRISPR.UMUC3,MAGeCK,KRT77,0.999995,0
CRISPR.UMUC3,MAGeCK,CYP7A1,0.999995,0
CRISPR.UMUC3,MAGeCK,OTUD6A,0.999995,0
CRISPR.UMUC3,MAGeCK,CABP5,0.999995,0
CRISPR.UMUC3,MAGeCK,OC90,0.999995,0
CRISPR.UMUC3,MAGeCK,TAAR1,0.999995,0
CRISPR.UMUC3,MAGeCK,VN1R2,0.999995,0
CRISPR.UMUC3,MAGeCK,LUZP4,0.999995,0
CRISPR.UMUC3,MAGeCK,NPSR1,0.999995,0
CRISPR.UMUC3,MAGeCK,NLRP5,0.999995,0
CRISPR.UMUC3,MAGeCK,OR12D2,0.999995,0
CRISPR.UMUC3,MAGeCK,RXFP2,0.999995,0
CRISPR.UMUC3,MAGeCK,SAGE1,0.999995,0
CRISPR.UMUC3,MAGeCK,OLIG2,0.999995,0
CRISPR.UMUC3,MAGeCK,TGM6,0.999995,0
CRISPR.UMUC3,MAGeCK,SPATA16,0.999995,0
CRISPR.UMUC3,MAGeCK,DEFB129,0.999995,0
CRISPR.UMUC3,MAGeCK,HTR3D,0.999995,0
CRISPR.UMUC3,MAGeCK,ABCG8,0.999995,0
CRISPR.UMUC3,MAGeCK,OR52E8,0.999995,0
CRISPR.UMUC3,MAGeCK,TAS2R9,0.999995,0
CRISPR.UMUC3,MAGeCK,TRIM42,0.999995,0
CRISPR.UMUC3,PBNPA,ABCG8,0.9999999983423613,0
CRISPR.UMUC3,PBNPA,ADH7,0.9999999983423613,0
CRISPR.UMUC3,PBNPA,CABP5,0.9999999983423613,0
CRISPR.UMUC3,PBNPA,COPA,2.9165131681441192e-5,1
CRISPR.UMUC3,PBNPA,COPB1,5.701833503626297e-5,1
CRISPR.UMUC3,PBNPA,COPS2,0.008058512970478205,1
CRISPR.UMUC3,PBNPA,COPS4,8.176834758691517e-4,1
CRISPR.UMUC3,PBNPA,COPS6,0.05563243767097881,1
CRISPR.UMUC3,PBNPA,COPS8,0.8145269856019219,1
CRISPR.UMUC3,PBNPA,COPZ1,0.2511821014382818,1
CRISPR.UMUC3,PBNPA,CRYGB,0.9999999983423613,0
CRISPR.UMUC3,PBNPA,CYP7A1,0.9999999983423613,0
CRISPR.UMUC3,PBNPA,DEFB129,0.9999999983423613,0
CRISPR.UMUC3,PBNPA,DMRTB1,0.9999999983423613,0
CRISPR.UMUC3,PBNPA,DMRTC2,0.9999999983423613,0
CRISPR.UMUC3,PBNPA,FAM71B,0.9999999983423613,0
CRISPR.UMUC3,PBNPA,FCRL4,0.9999999983423613,0
CRISPR.UMUC3,PBNPA,HTR3D,0.9999999983423613,0
CRISPR.UMUC3,PBNPA,IL1F10,0.9999999983423613,0
CRISPR.UMUC3,PBNPA,IL22,0.9999999983423613,0
CRISPR.UMUC3,PBNPA,KRT25,0.9999999983423613,0
CRISPR.UMUC3,PBNPA,KRT74,0.9999999983423613,0
CRISPR.UMUC3,PBNPA,KRT77,0.9999999983423613,0
CRISPR.UMUC3,PBNPA,KRT9,0.9999999983423613,0
CRISPR.UMUC3,PBNPA,LHX5,0.9999999983423613,0
CRISPR.UMUC3,PBNPA,LUZP4,0.9999999983423613,0
CRISPR.UMUC3,PBNPA,LYZL6,0.8145269856019219,0
CRISPR.UMUC3,PBNPA,MAGEB3,0.9999999983423613,0
CRISPR.UMUC3,PBNPA,MRGPRD,0.9999999983423613,0
CRISPR.UMUC3,PBNPA,NLRP5,0.9999999983423613,0
CRISPR.UMUC3,PBNPA,NPHS2,0.9999999983423613,0
CRISPR.UMUC3,PBNPA,NPSR1,0.9999999983423613,0
CRISPR.UMUC3,PBNPA,NUP133,0.03770002144692533,1
CRISPR.UMUC3,PBNPA,NUP205,0.03780806219894941,1
CRISPR.UMUC3,PBNPA,NUP54,0.0856980462565204,1
CRISPR.UMUC3,PBNPA,NUP93,3.053647866545019e-5,1
CRISPR.UMUC3,PBNPA,NUP98,0.1852674409225984,1
CRISPR.UMUC3,PBNPA,OC90,0.9999999983423613,0
CRISPR.UMUC3,PBNPA,OLIG2,0.9999999983423613,0
CRISPR.UMUC3,PBNPA,OR12D2,0.9999999983423613,0
CRISPR.UMUC3,PBNPA,OR52E8,0.9999999983423613,0
CRISPR.UMUC3,PBNPA,OR9Q2,0.9999999983423613,0
CRISPR.UMUC3,PBNPA,OTUD6A,0.9999999983423613,0
CRISPR.UMUC3,PBNPA,PIWIL3,0.9999999983423613,0
CRISPR.UMUC3,PBNPA,PLA2G2E,0.9999999983423613,0
CRISPR.UMUC3,PBNPA,POLA1,0.10258550284698537,1
CRISPR.UMUC3,PBNPA,POLR2A,0.02286623622275845,1
CRISPR.UMUC3,PBNPA,POLR2D,2.1584690626621654e-4,1
CRISPR.UMUC3,PBNPA,POLR2F,0.03770002144692533,1
CRISPR.UMUC3,PBNPA,POU4F2,0.9999999983423613,0
CRISPR.UMUC3,PBNPA,PSMA3,0.02400659587875424,1
CRISPR.UMUC3,PBNPA,PSMB2,0,1
CRISPR.UMUC3,PBNPA,PSMB3,0.4455685354544809,1
CRISPR.UMUC3,PBNPA,PSMC1,0.007017211216343106,1
CRISPR.UMUC3,PBNPA,PSMC2,0.02286623622275845,1
CRISPR.UMUC3,PBNPA,PSMC4,0.03770002144692533,1
CRISPR.UMUC3,PBNPA,PSMD1,0.03770002144692533,1
CRISPR.UMUC3,PBNPA,PSMD11,5.821917474183591e-4,1
CRISPR.UMUC3,PBNPA,PSMD6,0.006237670396089432,1
CRISPR.UMUC3,PBNPA,PSMD7,2.9165131681441192e-5,1
CRISPR.UMUC3,PBNPA,RNASE9,0.9999999983423613,0
CRISPR.UMUC3,PBNPA,RPL11,2.9165131681441192e-5,1
CRISPR.UMUC3,PBNPA,RPL18A,3.2001676367849897e-4,1
CRISPR.UMUC3,PBNPA,RPL27,0.9999999983423613,1
CRISPR.UMUC3,PBNPA,RPL3,0.1852674409225984,1
CRISPR.UMUC3,PBNPA,RPL30,0.18392920969966112,1
CRISPR.UMUC3,PBNPA,RPL34,1.3808097511117112e-4,1
CRISPR.UMUC3,PBNPA,RPL35A,0,1
CRISPR.UMUC3,PBNPA,RPL36,2.0962349019855336e-4,1
CRISPR.UMUC3,PBNPA,RPL5,0.2511821014382818,1
CRISPR.UMUC3,PBNPA,RPL6,0.006237670396089432,1
CRISPR.UMUC3,PBNPA,RPL9,0.008058512970478205,1
CRISPR.UMUC3,PBNPA,RPS11,0.07713970244384137,1
CRISPR.UMUC3,PBNPA,RPS13,3.145898512182943e-5,1
CRISPR.UMUC3,PBNPA,RPS19,2.9165131681441192e-5,1
CRISPR.UMUC3,PBNPA,RPS24,0.9999999983423613,1
CRISPR.UMUC3,PBNPA,RPS27,0.13338067751923427,1
CRISPR.UMUC3,PBNPA,RPS3A,0.09835186436519196,1
CRISPR.UMUC3,PBNPA,RPS7,0.9999999983423613,1
CRISPR.UMUC3,PBNPA,RPS8,6.095910171026327e-5,1
CRISPR.UMUC3,PBNPA,RPS9,5.701833503626297e-5,1
CRISPR.UMUC3,PBNPA,RPTN,0.9999999983423613,0
CRISPR.UMUC3,PBNPA,RXFP2,0.9999999983423613,0
CRISPR.UMUC3,PBNPA,SAGE1,0.9999999983423613,0
CRISPR.UMUC3,PBNPA,SPATA16,0.9999999983423613,0
CRISPR.UMUC3,PBNPA,TAAR1,0.9999999983423613,0
CRISPR.UMUC3,PBNPA,TAAR8,0.9999999983423613,0
CRISPR.UMUC3,PBNPA,TAS2R13,0.9999999983423613,0
CRISPR.UMUC3,PBNPA,TAS2R9,0.9999999983423613,0
CRISPR.UMUC3,PBNPA,TGM6,0.9999999983423613,0
CRISPR.UMUC3,PBNPA,TPH2,0.9999999983423613,0
CRISPR.UMUC3,PBNPA,TRIM42,0.9999999983423613,0
CRISPR.UMUC3,PBNPA,VN1R2,0.9999999983423613,0
CRISPR.UMUC3,PinAPL-py,COPA,0,1
CRISPR.UMUC3,PinAPL-py,COPB1,0,1
CRISPR.UMUC3,PinAPL-py,COPS4,0,1
CRISPR.UMUC3,PinAPL-py,NUP93,0,1
CRISPR.UMUC3,PinAPL-py,POLR2D,0,1
CRISPR.UMUC3,PinAPL-py,PSMB2,0,1
CRISPR.UMUC3,PinAPL-py,PSMC2,0,1
CRISPR.UMUC3,PinAPL-py,PSMD11,0,1
CRISPR.UMUC3,PinAPL-py,PSMD6,0,1
CRISPR.UMUC3,PinAPL-py,PSMD7,0,1
CRISPR.UMUC3,PinAPL-py,RPL11,0,1
CRISPR.UMUC3,PinAPL-py,RPS13,0,1
CRISPR.UMUC3,PinAPL-py,RPS19,0,1
CRISPR.UMUC3,PinAPL-py,RPS9,0,1
CRISPR.UMUC3,PinAPL-py,NUP98,4.4408920985e-16,1
CRISPR.UMUC3,PinAPL-py,RPL9,4.4408920985e-16,1
CRISPR.UMUC3,PinAPL-py,RPS8,4.4408920985e-16,1
CRISPR.UMUC3,PinAPL-py,PSMD1,5.55111512313e-16,1
CRISPR.UMUC3,PinAPL-py,COPZ1,6.66133814775e-16,1
CRISPR.UMUC3,PinAPL-py,RPL36,6.66133814775e-16,1
CRISPR.UMUC3,PinAPL-py,COPS6,2.6645352591e-15,1
CRISPR.UMUC3,PinAPL-py,POLR2A,0.0140382158467,1
CRISPR.UMUC3,PinAPL-py,RPL35A,0.0195983114745,1
CRISPR.UMUC3,PinAPL-py,POLR2F,0.0210862635477,1
CRISPR.UMUC3,PinAPL-py,PSMC1,0.0271424916521,1
CRISPR.UMUC3,PinAPL-py,RPL18A,0.0366069641263,1
CRISPR.UMUC3,PinAPL-py,NUP205,0.0502249428485,1
CRISPR.UMUC3,PinAPL-py,NUP54,0.0605384794085,1
CRISPR.UMUC3,PinAPL-py,RPL3,0.0702633481602,1
CRISPR.UMUC3,PinAPL-py,PSMA3,0.0954194139842,1
CRISPR.UMUC3,PinAPL-py,NUP133,0.108938924041,1
CRISPR.UMUC3,PinAPL-py,COPS8,0.149823010034,1
CRISPR.UMUC3,PinAPL-py,RPL34,0.174397936314,1
CRISPR.UMUC3,PinAPL-py,POLA1,0.185649942604,1
CRISPR.UMUC3,PinAPL-py,COPS2,0.190139081859,1
CRISPR.UMUC3,PinAPL-py,RPS11,0.238328304124,1
CRISPR.UMUC3,PinAPL-py,PSMC4,0.360193361103,1
CRISPR.UMUC3,PinAPL-py,RPL30,0.402341364018,1
CRISPR.UMUC3,PinAPL-py,RPL5,0.555103163898,1
CRISPR.UMUC3,PinAPL-py,PSMB3,0.953188363452,1
CRISPR.UMUC3,PinAPL-py,RPL27,0.997867267137,1
CRISPR.UMUC3,PinAPL-py,RPS3A,0.999334880476,1
CRISPR.UMUC3,PinAPL-py,ABCG8,1,0
CRISPR.UMUC3,PinAPL-py,ADH7,1,0
CRISPR.UMUC3,PinAPL-py,CABP5,1,0
CRISPR.UMUC3,PinAPL-py,CRYGB,1,0
CRISPR.UMUC3,PinAPL-py,CYP7A1,1,0
CRISPR.UMUC3,PinAPL-py,DEFB129,1,0
CRISPR.UMUC3,PinAPL-py,DMRTB1,1,0
CRISPR.UMUC3,PinAPL-py,DMRTC2,1,0
CRISPR.UMUC3,PinAPL-py,FAM71B,1,0
CRISPR.UMUC3,PinAPL-py,FCRL4,1,0
CRISPR.UMUC3,PinAPL-py,HTR3D,1,0
CRISPR.UMUC3,PinAPL-py,IL1F10,1,0
CRISPR.UMUC3,PinAPL-py,IL22,1,0
CRISPR.UMUC3,PinAPL-py,KRT25,1,0
CRISPR.UMUC3,PinAPL-py,KRT74,1,0
CRISPR.UMUC3,PinAPL-py,KRT77,1,0
CRISPR.UMUC3,PinAPL-py,KRT9,1,0
CRISPR.UMUC3,PinAPL-py,LHX5,1,0
CRISPR.UMUC3,PinAPL-py,LUZP4,1,0
CRISPR.UMUC3,PinAPL-py,LYZL6,1,0
CRISPR.UMUC3,PinAPL-py,MAGEB3,1,0
CRISPR.UMUC3,PinAPL-py,MRGPRD,1,0
CRISPR.UMUC3,PinAPL-py,NLRP5,1,0
CRISPR.UMUC3,PinAPL-py,NPHS2,1,0
CRISPR.UMUC3,PinAPL-py,NPSR1,1,0
CRISPR.UMUC3,PinAPL-py,OC90,1,0
CRISPR.UMUC3,PinAPL-py,OLIG2,1,0
CRISPR.UMUC3,PinAPL-py,OR12D2,1,0
CRISPR.UMUC3,PinAPL-py,OR52E8,1,0
CRISPR.UMUC3,PinAPL-py,OR9Q2,1,0
CRISPR.UMUC3,PinAPL-py,OTUD6A,1,0
CRISPR.UMUC3,PinAPL-py,PIWIL3,1,0
CRISPR.UMUC3,PinAPL-py,PLA2G2E,1,0
CRISPR.UMUC3,PinAPL-py,POU4F2,1,0
CRISPR.UMUC3,PinAPL-py,RNASE9,1,0
CRISPR.UMUC3,PinAPL-py,RPL6,1,1
CRISPR.UMUC3,PinAPL-py,RPS24,1,1
CRISPR.UMUC3,PinAPL-py,RPS27,1,1
CRISPR.UMUC3,PinAPL-py,RPS7,1,1
CRISPR.UMUC3,PinAPL-py,RPTN,1,0
CRISPR.UMUC3,PinAPL-py,RXFP2,1,0
CRISPR.UMUC3,PinAPL-py,SAGE1,1,0
CRISPR.UMUC3,PinAPL-py,SPATA16,1,0
CRISPR.UMUC3,PinAPL-py,TAAR1,1,0
CRISPR.UMUC3,PinAPL-py,TAAR8,1,0
CRISPR.UMUC3,PinAPL-py,TAS2R13,1,0
CRISPR.UMUC3,PinAPL-py,TAS2R9,1,0
CRISPR.UMUC3,PinAPL-py,TGM6,1,0
CRISPR.UMUC3,PinAPL-py,TPH2,1,0
CRISPR.UMUC3,PinAPL-py,TRIM42,1,0
CRISPR.UMUC3,PinAPL-py,VN1R2,1,0
CRISPR.UMUC3,ScreenBEAM,RPL11,3.313826540171248e-4,1
CRISPR.UMUC3,ScreenBEAM,PSMB2,4.786257079173547e-9,1
CRISPR.UMUC3,ScreenBEAM,NUP93,2.2426552566469924e-4,1
CRISPR.UMUC3,ScreenBEAM,PSMD7,2.4065345635789728e-8,1
CRISPR.UMUC3,ScreenBEAM,RPS19,8.561231646797427e-6,1
CRISPR.UMUC3,ScreenBEAM,COPA,0.00052006325684411105,1
CRISPR.UMUC3,ScreenBEAM,RPS13,7.751983500686318e-6,1
CRISPR.UMUC3,ScreenBEAM,COPB1,4.5711035018702636e-5,1
CRISPR.UMUC3,ScreenBEAM,RPL35A,0.009406724244429789,1
CRISPR.UMUC3,ScreenBEAM,PSMD11,3.458557317678532e-5,1
CRISPR.UMUC3,ScreenBEAM,RPL36,0.0039949815373169365,1
CRISPR.UMUC3,ScreenBEAM,RPL18A,1.7921948546688363e-5,1
CRISPR.UMUC3,ScreenBEAM,RPS8,3.841522829229578e-4,1
CRISPR.UMUC3,ScreenBEAM,RPL9,0.007300505332529537,1
CRISPR.UMUC3,ScreenBEAM,RPL34,0.003976923770142565,1
CRISPR.UMUC3,ScreenBEAM,COPS4,1.2081859087197482e-4,1
CRISPR.UMUC3,ScreenBEAM,POLR2D,1.0133237437587469e-4,1
CRISPR.UMUC3,ScreenBEAM,RPS9,0.023860435632201683,1
CRISPR.UMUC3,ScreenBEAM,POLR2A,0.03131039089908331,1
CRISPR.UMUC3,ScreenBEAM,PSMD6,9.978742203813837e-7,1
CRISPR.UMUC3,ScreenBEAM,PSMA3,0.01453608715229228,1
CRISPR.UMUC3,ScreenBEAM,PSMC4,0.0044193713105193,1
CRISPR.UMUC3,ScreenBEAM,RPL6,0.1362444828832975,1
CRISPR.UMUC3,ScreenBEAM,COPS2,0.00866137247930783,1
CRISPR.UMUC3,ScreenBEAM,PSMC1,0.00948199901595227,1
CRISPR.UMUC3,ScreenBEAM,RPS11,0.05011388660001456,1
CRISPR.UMUC3,ScreenBEAM,PSMB3,0.09522174597059631,1
CRISPR.UMUC3,ScreenBEAM,NUP205,0.019834113254061734,1
CRISPR.UMUC3,ScreenBEAM,NUP54,0.02937467308494967,1
CRISPR.UMUC3,ScreenBEAM,COPZ1,0.021907413985389507,1
CRISPR.UMUC3,ScreenBEAM,RPL5,0.09119005192638903,1
CRISPR.UMUC3,ScreenBEAM,POLA1,0.09145348100038833,1
CRISPR.UMUC3,ScreenBEAM,PSMC2,0.003174581693719647,1
CRISPR.UMUC3,ScreenBEAM,POLR2F,0.013489561448640044,1
CRISPR.UMUC3,ScreenBEAM,RPL30,0.10865516467141362,1
CRISPR.UMUC3,ScreenBEAM,RPS3A,0.019314691046949207,1
CRISPR.UMUC3,ScreenBEAM,COPS6,0.03196684960331349,1
CRISPR.UMUC3,ScreenBEAM,NUP133,0.123062446341172,1
CRISPR.UMUC3,ScreenBEAM,PSMD1,0.029459094566551287,1
CRISPR.UMUC3,ScreenBEAM,RPL3,0.01613599738157233,1
CRISPR.UMUC3,ScreenBEAM,RPL27,0.32159730057930846,1
CRISPR.UMUC3,ScreenBEAM,COPS8,0.18168648868537585,1
CRISPR.UMUC3,ScreenBEAM,NUP98,0.07553112652621714,1
CRISPR.UMUC3,ScreenBEAM,RPS27,0.08846766346613921,1
CRISPR.UMUC3,ScreenBEAM,RPS24,0.8681979165236344,1
CRISPR.UMUC3,ScreenBEAM,LYZL6,1,0
CRISPR.UMUC3,ScreenBEAM,RPS7,1,1
CRISPR.UMUC3,ScreenBEAM,KRT25,1,0
CRISPR.UMUC3,ScreenBEAM,MRGPRD,1,0
CRISPR.UMUC3,ScreenBEAM,TPH2,1,0
CRISPR.UMUC3,ScreenBEAM,KRT74,1,0
CRISPR.UMUC3,ScreenBEAM,KRT9,1,0
CRISPR.UMUC3,ScreenBEAM,DMRTC2,1,0
CRISPR.UMUC3,ScreenBEAM,PIWIL3,1,0
CRISPR.UMUC3,ScreenBEAM,IL22,1,0
CRISPR.UMUC3,ScreenBEAM,RPTN,1,0
CRISPR.UMUC3,ScreenBEAM,FCRL4,1,0
CRISPR.UMUC3,ScreenBEAM,IL1F10,1,0
CRISPR.UMUC3,ScreenBEAM,RNASE9,1,0
CRISPR.UMUC3,ScreenBEAM,KRT77,1,0
CRISPR.UMUC3,ScreenBEAM,NPHS2,1,0
CRISPR.UMUC3,ScreenBEAM,ADH7,1,0
CRISPR.UMUC3,ScreenBEAM,LHX5,1,0
CRISPR.UMUC3,ScreenBEAM,OR9Q2,1,0
CRISPR.UMUC3,ScreenBEAM,CABP5,1,0
CRISPR.UMUC3,ScreenBEAM,DMRTB1,1,0
CRISPR.UMUC3,ScreenBEAM,PLA2G2E,1,0
CRISPR.UMUC3,ScreenBEAM,TAS2R13,1,0
CRISPR.UMUC3,ScreenBEAM,CYP7A1,1,0
CRISPR.UMUC3,ScreenBEAM,RXFP2,1,0
CRISPR.UMUC3,ScreenBEAM,OR12D2,1,0
CRISPR.UMUC3,ScreenBEAM,CRYGB,1,0
CRISPR.UMUC3,ScreenBEAM,TAAR8,1,0
CRISPR.UMUC3,ScreenBEAM,OTUD6A,1,0
CRISPR.UMUC3,ScreenBEAM,TGM6,1,0
CRISPR.UMUC3,ScreenBEAM,OC90,1,0
CRISPR.UMUC3,ScreenBEAM,MAGEB3,1,0
CRISPR.UMUC3,ScreenBEAM,NPSR1,1,0
CRISPR.UMUC3,ScreenBEAM,SAGE1,1,0
CRISPR.UMUC3,ScreenBEAM,VN1R2,1,0
CRISPR.UMUC3,ScreenBEAM,TAAR1,1,0
CRISPR.UMUC3,ScreenBEAM,DEFB129,1,0
CRISPR.UMUC3,ScreenBEAM,POU4F2,1,0
CRISPR.UMUC3,ScreenBEAM,LUZP4,1,0
CRISPR.UMUC3,ScreenBEAM,FAM71B,1,0
CRISPR.UMUC3,ScreenBEAM,NLRP5,1,0
CRISPR.UMUC3,ScreenBEAM,ABCG8,1,0
CRISPR.UMUC3,ScreenBEAM,SPATA16,1,0
CRISPR.UMUC3,ScreenBEAM,OLIG2,1,0
CRISPR.UMUC3,ScreenBEAM,HTR3D,1,0
CRISPR.UMUC3,ScreenBEAM,OR52E8,1,0
CRISPR.UMUC3,ScreenBEAM,TAS2R9,1,0
CRISPR.UMUC3,ScreenBEAM,TRIM42,1,0
CRISPR.UMUC3,sgRSEA,TGM6,1,0
CRISPR.UMUC3,sgRSEA,TRIM42,1,0
CRISPR.UMUC3,sgRSEA,FAM71B,1,0
CRISPR.UMUC3,sgRSEA,OR52E8,1,0
CRISPR.UMUC3,sgRSEA,TAS2R9,1,0
CRISPR.UMUC3,sgRSEA,NLRP5,1,0
CRISPR.UMUC3,sgRSEA,HTR3D,1,0
CRISPR.UMUC3,sgRSEA,ABCG8,1,0
CRISPR.UMUC3,sgRSEA,DEFB129,1,0
CRISPR.UMUC3,sgRSEA,SPATA16,1,0
CRISPR.UMUC3,sgRSEA,LUZP4,1,0
CRISPR.UMUC3,sgRSEA,OLIG2,1,0
CRISPR.UMUC3,sgRSEA,VN1R2,1,0
CRISPR.UMUC3,sgRSEA,SAGE1,1,0
CRISPR.UMUC3,sgRSEA,TAAR1,1,0
CRISPR.UMUC3,sgRSEA,TAAR8,1,0
CRISPR.UMUC3,sgRSEA,CRYGB,1,0
CRISPR.UMUC3,sgRSEA,NPSR1,1,0
CRISPR.UMUC3,sgRSEA,MAGEB3,1,0
CRISPR.UMUC3,sgRSEA,RXFP2,1,0
CRISPR.UMUC3,sgRSEA,POU4F2,1,0
CRISPR.UMUC3,sgRSEA,CYP7A1,1,0
CRISPR.UMUC3,sgRSEA,OTUD6A,1,0
CRISPR.UMUC3,sgRSEA,OR12D2,1,0
CRISPR.UMUC3,sgRSEA,PLA2G2E,1,0
CRISPR.UMUC3,sgRSEA,TAS2R13,1,0
CRISPR.UMUC3,sgRSEA,RPS24,1,1
CRISPR.UMUC3,sgRSEA,CABP5,1,0
CRISPR.UMUC3,sgRSEA,DMRTB1,1,0
CRISPR.UMUC3,sgRSEA,OC90,1,0
CRISPR.UMUC3,sgRSEA,IL22,1,0
CRISPR.UMUC3,sgRSEA,NPHS2,1,0
CRISPR.UMUC3,sgRSEA,OR9Q2,1,0
CRISPR.UMUC3,sgRSEA,LHX5,1,0
CRISPR.UMUC3,sgRSEA,ADH7,1,0
CRISPR.UMUC3,sgRSEA,RPTN,1,0
CRISPR.UMUC3,sgRSEA,KRT77,1,0
CRISPR.UMUC3,sgRSEA,PIWIL3,1,0
CRISPR.UMUC3,sgRSEA,FCRL4,1,0
CRISPR.UMUC3,sgRSEA,IL1F10,1,0
CRISPR.UMUC3,sgRSEA,DMRTC2,1,0
CRISPR.UMUC3,sgRSEA,KRT9,1,0
CRISPR.UMUC3,sgRSEA,TPH2,1,0
CRISPR.UMUC3,sgRSEA,KRT74,1,0
CRISPR.UMUC3,sgRSEA,RNASE9,1,0
CRISPR.UMUC3,sgRSEA,MRGPRD,1,0
CRISPR.UMUC3,sgRSEA,RPS7,1,1
CRISPR.UMUC3,sgRSEA,KRT25,1,0
CRISPR.UMUC3,sgRSEA,LYZL6,1,0
CRISPR.UMUC3,sgRSEA,NUP98,1,1
CRISPR.UMUC3,sgRSEA,COPS8,1,1
CRISPR.UMUC3,sgRSEA,RPS27,0.9567999181041101,1
CRISPR.UMUC3,sgRSEA,RPL27,0.8882994992615636,1
CRISPR.UMUC3,sgRSEA,RPL3,0.757228591902544,1
CRISPR.UMUC3,sgRSEA,PSMD1,0.46735385717829286,1
CRISPR.UMUC3,sgRSEA,COPS6,0.42879367893039655,1
CRISPR.UMUC3,sgRSEA,NUP133,0.24765898108785964,1
CRISPR.UMUC3,sgRSEA,RPS3A,0.22214260121820137,1
CRISPR.UMUC3,sgRSEA,RPL6,0.19040794390131546,1
CRISPR.UMUC3,sgRSEA,COPZ1,0.1871878095559256,1
CRISPR.UMUC3,sgRSEA,RPL30,0.18579199374613206,1
CRISPR.UMUC3,sgRSEA,NUP205,0.14682237549265495,1
CRISPR.UMUC3,sgRSEA,POLA1,0.13006091006807596,1
CRISPR.UMUC3,sgRSEA,NUP54,0.06331064134718739,1
CRISPR.UMUC3,sgRSEA,PSMB3,0.05745067272884519,1
CRISPR.UMUC3,sgRSEA,RPL5,0.04998208527409531,1
CRISPR.UMUC3,sgRSEA,PSMC2,0.017277757872526774,1
CRISPR.UMUC3,sgRSEA,PSMC4,0.017277757872526774,1
CRISPR.UMUC3,sgRSEA,COPS2,0.017277757872526774,1
CRISPR.UMUC3,sgRSEA,POLR2F,0.013883912576137586,1
CRISPR.UMUC3,sgRSEA,PSMA3,0.013883912576137586,1
CRISPR.UMUC3,sgRSEA,RPS11,0.012116869157356438,1
CRISPR.UMUC3,sgRSEA,POLR2A,0.0031734657316885907,1
CRISPR.UMUC3,sgRSEA,RPL9,0.0031734657316885907,1
CRISPR.UMUC3,sgRSEA,RPS9,0.0031734657316885907,1
CRISPR.UMUC3,sgRSEA,PSMD6,0.0031734657316885907,1
CRISPR.UMUC3,sgRSEA,RPL34,0.0031734657316885907,1
CRISPR.UMUC3,sgRSEA,PSMC1,0.0020825868864206374,1
CRISPR.UMUC3,sgRSEA,RPL35A,0.0020825868864206374,1
CRISPR.UMUC3,sgRSEA,RPL36,0.0020825868864206374,1
CRISPR.UMUC3,sgRSEA,POLR2D,0.0020825868864206374,1
CRISPR.UMUC3,sgRSEA,COPA,0.0020825868864206374,1
CRISPR.UMUC3,sgRSEA,COPS4,0.0020825868864206374,1
CRISPR.UMUC3,sgRSEA,RPS8,0.0020825868864206374,1
CRISPR.UMUC3,sgRSEA,PSMD11,0.0020825868864206374,1
CRISPR.UMUC3,sgRSEA,RPL18A,0.0020825868864206374,1
CRISPR.UMUC3,sgRSEA,PSMD7,0.0020825868864206374,1
CRISPR.UMUC3,sgRSEA,COPB1,0.0020825868864206374,1
CRISPR.UMUC3,sgRSEA,NUP93,0.0020825868864206374,1
CRISPR.UMUC3,sgRSEA,RPL11,0.0020825868864206374,1
CRISPR.UMUC3,sgRSEA,RPS13,0.0020825868864206374,1
CRISPR.UMUC3,sgRSEA,RPS19,0.0020825868864206374,1
CRISPR.UMUC3,sgRSEA,PSMB2,0.0020825868864206374,1
CRISPRi.RT112,CC2,RPS24,3.5497187062609454e-24,1
CRISPRi.RT112,CC2,RPL11,3.5497187062609454e-24,1
CRISPRi.RT112,CC2,PSMA3,1.1338125947568984e-18,1
CRISPRi.RT112,CC2,RPL34,1.7166322186547517e-23,1
CRISPRi.RT112,CC2,RPS8,1.4686082109574604e-20,1
CRISPRi.RT112,CC2,RPL30,1.81339921597225e-5,1
CRISPRi.RT112,CC2,COPZ1,3.5497187062609454e-24,1
CRISPRi.RT112,CC2,POLR2D,3.0169179396251375e-18,1
CRISPRi.RT112,CC2,PSMC2,1.7084520645132463e-4,1
CRISPRi.RT112,CC2,RPS7,2.7135198425333247e-18,1
CRISPRi.RT112,CC2,PSMD1,5.078487316689211e-22,1
CRISPRi.RT112,CC2,POLA1,1.0709005028347367e-17,1
CRISPRi.RT112,CC2,RPL6,3.921203175400903e-19,1
CRISPRi.RT112,CC2,PSMD11,4.950502634553804e-5,1
CRISPRi.RT112,CC2,RPL36,1.827150564786243e-14,1
CRISPRi.RT112,CC2,NUP205,1.6048139206708474e-10,1
CRISPRi.RT112,CC2,PSMC1,0.10345951937785025,1
CRISPRi.RT112,CC2,RPS19,1.865403032106563e-9,1
CRISPRi.RT112,CC2,NUP93,4.745589665754238e-21,1
CRISPRi.RT112,CC2,RPL9,0.0739719510333872,1
CRISPRi.RT112,CC2,POLR2A,1.939480459523146e-12,1
CRISPRi.RT112,CC2,COPB1,7.553602713466903e-11,1
CRISPRi.RT112,CC2,RPL5,2.7821626550722173e-8,1
CRISPRi.RT112,CC2,PSMD7,5.49719560757912e-10,1
CRISPRi.RT112,CC2,RPS27,8.64203962491403e-6,1
CRISPRi.RT112,CC2,RPS11,5.334340192725375e-4,1
CRISPRi.RT112,CC2,RPL3,2.1215362029191584e-5,1
CRISPRi.RT112,CC2,RPL27,0.1775003153785887,1
CRISPRi.RT112,CC2,NUP133,2.2124718218471582e-8,1
CRISPRi.RT112,CC2,PSMD6,9.326471808769774e-6,1
CRISPRi.RT112,CC2,RPS3A,0.6745438391522809,1
CRISPRi.RT112,CC2,COPS4,2.9859213241850566e-4,1
CRISPRi.RT112,CC2,NUP54,1.1781851144692046e-6,1
CRISPRi.RT112,CC2,COPA,0.018327543021159957,1
CRISPRi.RT112,CC2,RPL35A,0.028589610558430952,1
CRISPRi.RT112,CC2,RPL18A,0.0036921449978148586,1
CRISPRi.RT112,CC2,POLR2F,4.3376770489157403e-4,1
CRISPRi.RT112,CC2,PSMB3,0.5788015132012256,1
CRISPRi.RT112,CC2,NUP98,4.1668739983170486e-4,1
CRISPRi.RT112,CC2,RPTN,1,0
CRISPRi.RT112,CC2,DMRTC2,1,0
CRISPRi.RT112,CC2,RPS9,1,1
CRISPRi.RT112,CC2,COPS2,1,1
CRISPRi.RT112,CC2,CRYGB,1,0
CRISPRi.RT112,CC2,POU4F2,1,0
CRISPRi.RT112,CC2,IL1F10,1,0
CRISPRi.RT112,CC2,TAS2R9,1,0
CRISPRi.RT112,CC2,CABP5,1,0
CRISPRi.RT112,CC2,NPSR1,1,0
CRISPRi.RT112,CC2,NLRP5,1,0
CRISPRi.RT112,CC2,VN1R2,1,0
CRISPRi.RT112,CC2,TAAR8,1,0
CRISPRi.RT112,CC2,TPH2,1,0
CRISPRi.RT112,CC2,RXFP2,1,0
CRISPRi.RT112,CC2,TAAR1,1,0
CRISPRi.RT112,CC2,COPS8,1,1
CRISPRi.RT112,CC2,ADH7,1,0
CRISPRi.RT112,CC2,PLA2G2E,1,0
CRISPRi.RT112,CC2,PSMB2,1,1
CRISPRi.RT112,CC2,MRGPRD,1,0
CRISPRi.RT112,CC2,LUZP4,1,0
CRISPRi.RT112,CC2,CYP7A1,1,0
CRISPRi.RT112,CC2,FCRL4,1,0
CRISPRi.RT112,CC2,OTUD6A,1,0
CRISPRi.RT112,CC2,TRIM42,1,0
CRISPRi.RT112,CC2,HTR3D,1,0
CRISPRi.RT112,CC2,PIWIL3,1,0
CRISPRi.RT112,CC2,NPHS2,1,0
CRISPRi.RT112,CC2,KRT77,1,0
CRISPRi.RT112,CC2,OC90,1,0
CRISPRi.RT112,CC2,COPS6,1,1
CRISPRi.RT112,CC2,MAGEB3,1,0
CRISPRi.RT112,CC2,RPS13,1,1
CRISPRi.RT112,CC2,IL22,1,0
CRISPRi.RT112,CC2,SPATA16,1,0
CRISPRi.RT112,CC2,OLIG2,1,0
CRISPRi.RT112,CC2,DEFB129,1,0
CRISPRi.RT112,CC2,LHX5,1,0
CRISPRi.RT112,CC2,PSMC4,1,1
CRISPRi.RT112,CC2,SAGE1,1,0
CRISPRi.RT112,CC2,TGM6,1,0
CRISPRi.RT112,CC2,DMRTB1,1,0
CRISPRi.RT112,CC2,OR12D2,1,0
CRISPRi.RT112,CC2,TAS2R13,1,0
CRISPRi.RT112,CC2,KRT25,1,0
CRISPRi.RT112,CC2,KRT74,1,0
CRISPRi.RT112,CC2,ABCG8,1,0
CRISPRi.RT112,CC2,RNASE9,1,0
CRISPRi.RT112,CC2,LYZL6,1,0
CRISPRi.RT112,CC2,FAM71B,1,0
CRISPRi.RT112,CC2,KRT9,1,0
CRISPRi.RT112,CC2,OR52E8,1,0
CRISPRi.RT112,CC2,OR9Q2,1,0
CRISPRi.RT112,HitSelect,RPL11,0.01075269,1
CRISPRi.RT112,HitSelect,NUP93,0.01075269,1
CRISPRi.RT112,HitSelect,COPZ1,0.01075269,1
CRISPRi.RT112,HitSelect,RPL34,0.01075269,1
CRISPRi.RT112,HitSelect,RPL36,0.01075269,1
CRISPRi.RT112,HitSelect,PSMA3,0.01075269,1
CRISPRi.RT112,HitSelect,RPL6,0.01075269,1
CRISPRi.RT112,HitSelect,RPL30,0.01075269,1
CRISPRi.RT112,HitSelect,RPS8,0.01075269,1
CRISPRi.RT112,HitSelect,PSMD1,0.01075269,1
CRISPRi.RT112,HitSelect,RPS24,0.01075269,1
CRISPRi.RT112,HitSelect,POLR2D,0.01075269,1
CRISPRi.RT112,HitSelect,NUP205,0.01075269,1
CRISPRi.RT112,HitSelect,POLR2A,0.01075269,1
CRISPRi.RT112,HitSelect,RPS7,0.01075269,1
CRISPRi.RT112,HitSelect,PSMC2,0.01075269,1
CRISPRi.RT112,HitSelect,PSMD11,0.05837174,1
CRISPRi.RT112,HitSelect,POLA1,0.05837174,1
CRISPRi.RT112,HitSelect,COPB1,0.05837174,1
CRISPRi.RT112,HitSelect,RPS11,0.05837174,1
CRISPRi.RT112,HitSelect,PSMC1,0.05837174,1
CRISPRi.RT112,HitSelect,PSMD7,0.1016618,1
CRISPRi.RT112,HitSelect,RPS19,0.1357527,1
CRISPRi.RT112,HitSelect,PSMD6,0.1357527,1
CRISPRi.RT112,HitSelect,NUP54,0.1645988,1
CRISPRi.RT112,HitSelect,RPL5,0.1645988,1
CRISPRi.RT112,HitSelect,RPL3,0.1872233,1
CRISPRi.RT112,HitSelect,RPS27,0.1872233,1
CRISPRi.RT112,HitSelect,RPL27,0.1872233,1
CRISPRi.RT112,HitSelect,NUP133,0.1872233,1
CRISPRi.RT112,HitSelect,RPL9,0.1872233,1
CRISPRi.RT112,HitSelect,RPS3A,0.1872233,1
CRISPRi.RT112,HitSelect,COPA,0.1872233,1
CRISPRi.RT112,HitSelect,RPL18A,0.1872233,1
CRISPRi.RT112,HitSelect,POLR2F,0.1999419,1
CRISPRi.RT112,HitSelect,COPS4,0.1999419,1
CRISPRi.RT112,HitSelect,NUP98,0.1999419,1
CRISPRi.RT112,HitSelect,RPL35A,0.221279,1
CRISPRi.RT112,HitSelect,PSMB3,0.2415219,1
CRISPRi.RT112,HitSelect,DMRTC2,0.2790454,0
CRISPRi.RT112,HitSelect,COPS2,0.2790454,1
CRISPRi.RT112,HitSelect,POU4F2,0.3062072,0
CRISPRi.RT112,HitSelect,NLRP5,1,0
CRISPRi.RT112,HitSelect,PIWIL3,1,0
CRISPRi.RT112,HitSelect,PLA2G2E,1,0
CRISPRi.RT112,HitSelect,RPS9,1,1
CRISPRi.RT112,HitSelect,KRT77,1,0
CRISPRi.RT112,HitSelect,OTUD6A,1,0
CRISPRi.RT112,HitSelect,ADH7,1,0
CRISPRi.RT112,HitSelect,CYP7A1,1,0
CRISPRi.RT112,HitSelect,OR12D2,1,0
CRISPRi.RT112,HitSelect,MRGPRD,1,0
CRISPRi.RT112,HitSelect,NPHS2,1,0
CRISPRi.RT112,HitSelect,PSMC4,1,1
CRISPRi.RT112,HitSelect,VN1R2,1,0
CRISPRi.RT112,HitSelect,FAM71B,1,0
CRISPRi.RT112,HitSelect,NPSR1,1,0
CRISPRi.RT112,HitSelect,TRIM42,1,0
CRISPRi.RT112,HitSelect,TAS2R9,1,0
CRISPRi.RT112,HitSelect,LUZP4,1,0
CRISPRi.RT112,HitSelect,FCRL4,1,0
CRISPRi.RT112,HitSelect,DEFB129,1,0
CRISPRi.RT112,HitSelect,IL1F10,1,0
CRISPRi.RT112,HitSelect,LYZL6,1,0
CRISPRi.RT112,HitSelect,IL22,1,0
CRISPRi.RT112,HitSelect,KRT25,1,0
CRISPRi.RT112,HitSelect,DMRTB1,1,0
CRISPRi.RT112,HitSelect,RNASE9,1,0
CRISPRi.RT112,HitSelect,RXFP2,1,0
CRISPRi.RT112,HitSelect,TAAR8,1,0
CRISPRi.RT112,HitSelect,COPS6,1,1
CRISPRi.RT112,HitSelect,SAGE1,1,0
CRISPRi.RT112,HitSelect,HTR3D,1,0
CRISPRi.RT112,HitSelect,TAAR1,1,0
CRISPRi.RT112,HitSelect,COPS8,1,1
CRISPRi.RT112,HitSelect,RPS13,1,1
CRISPRi.RT112,HitSelect,PSMB2,1,1
CRISPRi.RT112,HitSelect,RPTN,1,0
CRISPRi.RT112,HitSelect,MAGEB3,1,0
CRISPRi.RT112,HitSelect,OR9Q2,1,0
CRISPRi.RT112,HitSelect,TAS2R13,1,0
CRISPRi.RT112,HitSelect,CRYGB,1,0
CRISPRi.RT112,HitSelect,TGM6,1,0
CRISPRi.RT112,HitSelect,LHX5,1,0
CRISPRi.RT112,HitSelect,KRT74,1,0
CRISPRi.RT112,HitSelect,ABCG8,1,0
CRISPRi.RT112,HitSelect,OLIG2,1,0
CRISPRi.RT112,HitSelect,OR52E8,1,0
CRISPRi.RT112,HitSelect,KRT9,1,0
CRISPRi.RT112,HitSelect,OC90,1,0
CRISPRi.RT112,HitSelect,SPATA16,1,0
CRISPRi.RT112,HitSelect,TPH2,1,0
CRISPRi.RT112,HitSelect,CABP5,1,0
CRISPRi.RT112,MAGeCK,RPL34,0.004178,1
CRISPRi.RT112,MAGeCK,POLA1,0.009633,1
CRISPRi.RT112,MAGeCK,COPZ1,0.009633,1
CRISPRi.RT112,MAGeCK,NUP93,0.009633,1
CRISPRi.RT112,MAGeCK,RPS24,0.01445,1
CRISPRi.RT112,MAGeCK,RPL11,0.01445,1
CRISPRi.RT112,MAGeCK,RPL6,0.01445,1
CRISPRi.RT112,MAGeCK,NUP54,0.019447,1
CRISPRi.RT112,MAGeCK,POLR2D,0.01445,1
CRISPRi.RT112,MAGeCK,PSMA3,0.02428,1
CRISPRi.RT112,MAGeCK,RPS7,0.049,1
CRISPRi.RT112,MAGeCK,PSMD1,0.064879,1
CRISPRi.RT112,MAGeCK,RPS8,0.140954,1
CRISPRi.RT112,MAGeCK,RPL30,0.155463,1
CRISPRi.RT112,MAGeCK,PSMD7,0.155463,1
CRISPRi.RT112,MAGeCK,RPL36,0.270122,1
CRISPRi.RT112,MAGeCK,NUP205,0.22132,1
CRISPRi.RT112,MAGeCK,POLR2A,0.221012,1
CRISPRi.RT112,MAGeCK,COPB1,0.221012,1
CRISPRi.RT112,MAGeCK,RPS27,0.273236,1
CRISPRi.RT112,MAGeCK,POLR2F,0.559234,1
CRISPRi.RT112,MAGeCK,COPA,0.599956,1
CRISPRi.RT112,MAGeCK,NUP98,0.559234,1
CRISPRi.RT112,MAGeCK,NUP133,0.691988,1
CRISPRi.RT112,MAGeCK,RPS19,0.999965,1
CRISPRi.RT112,MAGeCK,PSMD6,0.946277,1
CRISPRi.RT112,MAGeCK,PSMD11,0.986983,1
CRISPRi.RT112,MAGeCK,PSMC2,0.999965,1
CRISPRi.RT112,MAGeCK,RPL5,0.999965,1
CRISPRi.RT112,MAGeCK,RPL3,0.999965,1
CRISPRi.RT112,MAGeCK,RPS11,0.999965,1
CRISPRi.RT112,MAGeCK,COPS4,0.999965,1
CRISPRi.RT112,MAGeCK,PSMC1,0.999965,1
CRISPRi.RT112,MAGeCK,RPL9,0.999965,1
CRISPRi.RT112,MAGeCK,RPL27,0.999965,1
CRISPRi.RT112,MAGeCK,RPL18A,0.999965,1
CRISPRi.RT112,MAGeCK,PSMB3,0.999965,1
CRISPRi.RT112,MAGeCK,RPL35A,0.999965,1
CRISPRi.RT112,MAGeCK,RPS3A,0.999965,1
CRISPRi.RT112,MAGeCK,COPS6,0.999965,1
CRISPRi.RT112,MAGeCK,OR12D2,0.999965,0
CRISPRi.RT112,MAGeCK,KRT25,0.999965,0
CRISPRi.RT112,MAGeCK,DMRTC2,0.999965,0
CRISPRi.RT112,MAGeCK,OR9Q2,0.999965,0
CRISPRi.RT112,MAGeCK,VN1R2,0.999965,0
CRISPRi.RT112,MAGeCK,POU4F2,0.999965,0
CRISPRi.RT112,MAGeCK,OR52E8,0.999965,0
CRISPRi.RT112,MAGeCK,COPS2,0.999965,1
CRISPRi.RT112,MAGeCK,RNASE9,0.999965,0
CRISPRi.RT112,MAGeCK,TAS2R13,0.999965,0
CRISPRi.RT112,MAGeCK,NLRP5,0.999965,0
CRISPRi.RT112,MAGeCK,FAM71B,0.999965,0
CRISPRi.RT112,MAGeCK,KRT74,0.999965,0
CRISPRi.RT112,MAGeCK,NPHS2,0.999965,0
CRISPRi.RT112,MAGeCK,LUZP4,0.999965,0
CRISPRi.RT112,MAGeCK,TRIM42,0.999965,0
CRISPRi.RT112,MAGeCK,PSMB2,0.999965,1
CRISPRi.RT112,MAGeCK,CABP5,0.999965,0
CRISPRi.RT112,MAGeCK,PIWIL3,0.999965,0
CRISPRi.RT112,MAGeCK,TPH2,0.999965,0
CRISPRi.RT112,MAGeCK,ABCG8,0.999965,0
CRISPRi.RT112,MAGeCK,MRGPRD,0.999965,0
CRISPRi.RT112,MAGeCK,RPTN,0.999965,0
CRISPRi.RT112,MAGeCK,KRT77,0.999965,0
CRISPRi.RT112,MAGeCK,RPS9,0.999965,1
CRISPRi.RT112,MAGeCK,DEFB129,0.999965,0
CRISPRi.RT112,MAGeCK,PLA2G2E,0.999965,0
CRISPRi.RT112,MAGeCK,IL22,0.999965,0
CRISPRi.RT112,MAGeCK,TAS2R9,0.999965,0
CRISPRi.RT112,MAGeCK,RPS13,0.999965,1
CRISPRi.RT112,MAGeCK,RXFP2,0.999965,0
CRISPRi.RT112,MAGeCK,LHX5,0.999965,0
CRISPRi.RT112,MAGeCK,COPS8,0.999965,1
CRISPRi.RT112,MAGeCK,TAAR8,0.999965,0
CRISPRi.RT112,MAGeCK,OTUD6A,0.999965,0
CRISPRi.RT112,MAGeCK,KRT9,0.999965,0
CRISPRi.RT112,MAGeCK,ADH7,0.999965,0
CRISPRi.RT112,MAGeCK,SPATA16,0.999965,0
CRISPRi.RT112,MAGeCK,MAGEB3,0.999965,0
CRISPRi.RT112,MAGeCK,PSMC4,0.999965,1
CRISPRi.RT112,MAGeCK,TGM6,0.999965,0
CRISPRi.RT112,MAGeCK,CYP7A1,0.999965,0
CRISPRi.RT112,MAGeCK,IL1F10,0.999965,0
CRISPRi.RT112,MAGeCK,HTR3D,0.999965,0
CRISPRi.RT112,MAGeCK,TAAR1,0.999965,0
CRISPRi.RT112,MAGeCK,NPSR1,0.999965,0
CRISPRi.RT112,MAGeCK,DMRTB1,0.999965,0
CRISPRi.RT112,MAGeCK,CRYGB,0.999965,0
CRISPRi.RT112,MAGeCK,LYZL6,0.999965,0
CRISPRi.RT112,MAGeCK,SAGE1,0.999965,0
CRISPRi.RT112,MAGeCK,FCRL4,0.999965,0
CRISPRi.RT112,MAGeCK,OC90,0.999965,0
CRISPRi.RT112,MAGeCK,OLIG2,0.999965,0
CRISPRi.RT112,PBNPA,ABCG8,0.9999676685316425,0
CRISPRi.RT112,PBNPA,ADH7,0.9999676685316425,0
CRISPRi.RT112,PBNPA,CABP5,0.9999676685316425,0
CRISPRi.RT112,PBNPA,COPA,0.43172905270251044,1
CRISPRi.RT112,PBNPA,COPB1,0.0032857699876100103,1
CRISPRi.RT112,PBNPA,COPS2,0.9999676685316425,1
CRISPRi.RT112,PBNPA,COPS4,0.9999676685316425,1
CRISPRi.RT112,PBNPA,COPS6,0.9999676685316425,1
CRISPRi.RT112,PBNPA,COPS8,0.9999676685316425,1
CRISPRi.RT112,PBNPA,COPZ1,0.004380508828534357,1
CRISPRi.RT112,PBNPA,CRYGB,0.9999676685316425,0
CRISPRi.RT112,PBNPA,CYP7A1,0.9999676685316425,0
CRISPRi.RT112,PBNPA,DEFB129,0.9999676685316425,0
CRISPRi.RT112,PBNPA,DMRTB1,0.9999676685316425,0
CRISPRi.RT112,PBNPA,DMRTC2,0.9999676685316425,0
CRISPRi.RT112,PBNPA,FAM71B,0.9999676685316425,0
CRISPRi.RT112,PBNPA,FCRL4,0.9999676685316425,0
CRISPRi.RT112,PBNPA,HTR3D,0.9999676685316425,0
CRISPRi.RT112,PBNPA,IL1F10,0.9999676685316425,0
CRISPRi.RT112,PBNPA,IL22,0.9999676685316425,0
CRISPRi.RT112,PBNPA,KRT25,0.9999676685316425,0
CRISPRi.RT112,PBNPA,KRT74,0.9999676685316425,0
CRISPRi.RT112,PBNPA,KRT77,0.9999676685316425,0
CRISPRi.RT112,PBNPA,KRT9,0.9999676685316425,0
CRISPRi.RT112,PBNPA,LHX5,0.9999676685316425,0
CRISPRi.RT112,PBNPA,LUZP4,0.9999676685316425,0
CRISPRi.RT112,PBNPA,LYZL6,0.9999676685316425,0
CRISPRi.RT112,PBNPA,MAGEB3,0.9999676685316425,0
CRISPRi.RT112,PBNPA,MRGPRD,0.9999676685316425,0
CRISPRi.RT112,PBNPA,NLRP5,0.9999676685316425,0
CRISPRi.RT112,PBNPA,NPHS2,0.9999676685316425,0
CRISPRi.RT112,PBNPA,NPSR1,0.9999676685316425,0
CRISPRi.RT112,PBNPA,NUP133,0.2026811603741962,1
CRISPRi.RT112,PBNPA,NUP205,0.007257084462368585,1
CRISPRi.RT112,PBNPA,NUP54,0.2794274606061591,1
CRISPRi.RT112,PBNPA,NUP93,0,1
CRISPRi.RT112,PBNPA,NUP98,0.2026811603741962,1
CRISPRi.RT112,PBNPA,OC90,0.9999676685316425,0
CRISPRi.RT112,PBNPA,OLIG2,0.9999676685316425,0
CRISPRi.RT112,PBNPA,OR12D2,0.9999676685316425,0
CRISPRi.RT112,PBNPA,OR52E8,0.9999676685316425,0
CRISPRi.RT112,PBNPA,OR9Q2,0.9999676685316425,0
CRISPRi.RT112,PBNPA,OTUD6A,0.9999676685316425,0
CRISPRi.RT112,PBNPA,PIWIL3,0.9999676685316425,0
CRISPRi.RT112,PBNPA,PLA2G2E,0.9999676685316425,0
CRISPRi.RT112,PBNPA,POLA1,0.001558269484212132,1
CRISPRi.RT112,PBNPA,POLR2A,3.5466498938581116e-4,1
CRISPRi.RT112,PBNPA,POLR2D,0.001279254760005788,1
CRISPRi.RT112,PBNPA,POLR2F,0.2928453829141849,1
CRISPRi.RT112,PBNPA,POU4F2,0.9999676685316425,0
CRISPRi.RT112,PBNPA,PSMA3,3.5466498938581116e-4,1
CRISPRi.RT112,PBNPA,PSMB2,0.9999676685316425,1
CRISPRi.RT112,PBNPA,PSMB3,0.9999676685316425,1
CRISPRi.RT112,PBNPA,PSMC1,0.9999676685316425,1
CRISPRi.RT112,PBNPA,PSMC2,0.9999676685316425,1
CRISPRi.RT112,PBNPA,PSMC4,0.9999676685316425,1
CRISPRi.RT112,PBNPA,PSMD1,0.0026920814400221613,1
CRISPRi.RT112,PBNPA,PSMD11,0.9999676685316425,1
CRISPRi.RT112,PBNPA,PSMD6,0.45819739473141663,1
CRISPRi.RT112,PBNPA,PSMD7,0.09731253153562179,1
CRISPRi.RT112,PBNPA,RNASE9,0.9999676685316425,0
CRISPRi.RT112,PBNPA,RPL11,0.0026920814400221613,1
CRISPRi.RT112,PBNPA,RPL18A,0.9999676685316425,1
CRISPRi.RT112,PBNPA,RPL27,0.9999676685316425,1
CRISPRi.RT112,PBNPA,RPL3,0.9999676685316425,1
CRISPRi.RT112,PBNPA,RPL30,0.9999676685316425,1
CRISPRi.RT112,PBNPA,RPL34,1.2583594048731772e-4,1
CRISPRi.RT112,PBNPA,RPL35A,0.9999676685316425,1
CRISPRi.RT112,PBNPA,RPL36,0.9999676685316425,1
CRISPRi.RT112,PBNPA,RPL5,0.9999676685316425,1
CRISPRi.RT112,PBNPA,RPL6,3.5466498938581116e-4,1
CRISPRi.RT112,PBNPA,RPL9,0.9999676685316425,1
CRISPRi.RT112,PBNPA,RPS11,0.5474818824538903,1
CRISPRi.RT112,PBNPA,RPS13,0.9999676685316425,1
CRISPRi.RT112,PBNPA,RPS19,0.7255851910867127,1
CRISPRi.RT112,PBNPA,RPS24,0.07430891732757304,1
CRISPRi.RT112,PBNPA,RPS27,0.04437491738714013,1
CRISPRi.RT112,PBNPA,RPS3A,0.9999676685316425,1
CRISPRi.RT112,PBNPA,RPS7,0.07430891732757304,1
CRISPRi.RT112,PBNPA,RPS8,0.08433498406972414,1
CRISPRi.RT112,PBNPA,RPS9,0.9999676685316425,1
CRISPRi.RT112,PBNPA,RPTN,0.9999676685316425,0
CRISPRi.RT112,PBNPA,RXFP2,0.9999676685316425,0
CRISPRi.RT112,PBNPA,SAGE1,0.9999676685316425,0
CRISPRi.RT112,PBNPA,SPATA16,0.9999676685316425,0
CRISPRi.RT112,PBNPA,TAAR1,0.9999676685316425,0
CRISPRi.RT112,PBNPA,TAAR8,0.9999676685316425,0
CRISPRi.RT112,PBNPA,TAS2R13,0.9999676685316425,0
CRISPRi.RT112,PBNPA,TAS2R9,0.9999676685316425,0
CRISPRi.RT112,PBNPA,TGM6,0.9999676685316425,0
CRISPRi.RT112,PBNPA,TPH2,0.9999676685316425,0
CRISPRi.RT112,PBNPA,TRIM42,0.9999676685316425,0
CRISPRi.RT112,PBNPA,VN1R2,0.9999676685316425,0
CRISPRi.RT112,PinAPL-py,COPZ1,0,1
CRISPRi.RT112,PinAPL-py,RPL11,0,1
CRISPRi.RT112,PinAPL-py,RPS24,0,1
CRISPRi.RT112,PinAPL-py,PSMD1,1.88737914186e-15,1
CRISPRi.RT112,PinAPL-py,RPL34,1.88737914186e-15,1
CRISPRi.RT112,PinAPL-py,RPL6,1.88737914186e-15,1
CRISPRi.RT112,PinAPL-py,NUP93,2.10942374679e-15,1
CRISPRi.RT112,PinAPL-py,RPL36,2.10942374679e-15,1
CRISPRi.RT112,PinAPL-py,RPS8,2.10942374679e-15,1
CRISPRi.RT112,PinAPL-py,POLA1,3.44169137634e-15,1
CRISPRi.RT112,PinAPL-py,RPS7,0.129363614203,1
CRISPRi.RT112,PinAPL-py,RPS19,0.149679668127,1
CRISPRi.RT112,PinAPL-py,PSMA3,0.164435462065,1
CRISPRi.RT112,PinAPL-py,RPL30,0.19253302652,1
CRISPRi.RT112,PinAPL-py,POLR2D,0.357578212174,1
CRISPRi.RT112,PinAPL-py,NUP205,0.783436400945,1
CRISPRi.RT112,PinAPL-py,PSMC2,0.843181617822,1
CRISPRi.RT112,PinAPL-py,NUP54,0.898120840085,1
CRISPRi.RT112,PinAPL-py,PSMD7,0.956377838896,1
CRISPRi.RT112,PinAPL-py,RPL3,0.981369153198,1
CRISPRi.RT112,PinAPL-py,PSMD11,0.993244937312,1
CRISPRi.RT112,PinAPL-py,POLR2A,0.996218596867,1
CRISPRi.RT112,PinAPL-py,NUP133,0.999980153213,1
CRISPRi.RT112,PinAPL-py,COPB1,0.999999396842,1
CRISPRi.RT112,PinAPL-py,RPS11,0.999999396842,1
CRISPRi.RT112,PinAPL-py,ABCG8,1,0
CRISPRi.RT112,PinAPL-py,ADH7,1,0
CRISPRi.RT112,PinAPL-py,CABP5,1,0
CRISPRi.RT112,PinAPL-py,COPA,1,1
CRISPRi.RT112,PinAPL-py,COPS2,1,1
CRISPRi.RT112,PinAPL-py,COPS4,1,1
CRISPRi.RT112,PinAPL-py,COPS6,1,1
CRISPRi.RT112,PinAPL-py,COPS8,1,1
CRISPRi.RT112,PinAPL-py,CRYGB,1,0
CRISPRi.RT112,PinAPL-py,CYP7A1,1,0
CRISPRi.RT112,PinAPL-py,DEFB129,1,0
CRISPRi.RT112,PinAPL-py,DMRTB1,1,0
CRISPRi.RT112,PinAPL-py,DMRTC2,1,0
CRISPRi.RT112,PinAPL-py,FAM71B,1,0
CRISPRi.RT112,PinAPL-py,FCRL4,1,0
CRISPRi.RT112,PinAPL-py,HTR3D,1,0
CRISPRi.RT112,PinAPL-py,IL1F10,1,0
CRISPRi.RT112,PinAPL-py,IL22,1,0
CRISPRi.RT112,PinAPL-py,KRT25,1,0
CRISPRi.RT112,PinAPL-py,KRT74,1,0
CRISPRi.RT112,PinAPL-py,KRT77,1,0
CRISPRi.RT112,PinAPL-py,KRT9,1,0
CRISPRi.RT112,PinAPL-py,LHX5,1,0
CRISPRi.RT112,PinAPL-py,LUZP4,1,0
CRISPRi.RT112,PinAPL-py,LYZL6,1,0
CRISPRi.RT112,PinAPL-py,MAGEB3,1,0
CRISPRi.RT112,PinAPL-py,MRGPRD,1,0
CRISPRi.RT112,PinAPL-py,NLRP5,1,0
CRISPRi.RT112,PinAPL-py,NPHS2,1,0
CRISPRi.RT112,PinAPL-py,NPSR1,1,0
CRISPRi.RT112,PinAPL-py,NUP98,1,1
CRISPRi.RT112,PinAPL-py,OC90,1,0
CRISPRi.RT112,PinAPL-py,OLIG2,1,0
CRISPRi.RT112,PinAPL-py,OR12D2,1,0
CRISPRi.RT112,PinAPL-py,OR52E8,1,0
CRISPRi.RT112,PinAPL-py,OR9Q2,1,0
CRISPRi.RT112,PinAPL-py,OTUD6A,1,0
CRISPRi.RT112,PinAPL-py,PIWIL3,1,0
CRISPRi.RT112,PinAPL-py,PLA2G2E,1,0
CRISPRi.RT112,PinAPL-py,POLR2F,1,1
CRISPRi.RT112,PinAPL-py,POU4F2,1,0
CRISPRi.RT112,PinAPL-py,PSMB2,1,1
CRISPRi.RT112,PinAPL-py,PSMB3,1,1
CRISPRi.RT112,PinAPL-py,PSMC1,1,1
CRISPRi.RT112,PinAPL-py,PSMC4,1,1
CRISPRi.RT112,PinAPL-py,PSMD6,1,1
CRISPRi.RT112,PinAPL-py,RNASE9,1,0
CRISPRi.RT112,PinAPL-py,RPL18A,1,1
CRISPRi.RT112,PinAPL-py,RPL27,1,1
CRISPRi.RT112,PinAPL-py,RPL35A,1,1
CRISPRi.RT112,PinAPL-py,RPL5,1,1
CRISPRi.RT112,PinAPL-py,RPL9,1,1
CRISPRi.RT112,PinAPL-py,RPS13,1,1
CRISPRi.RT112,PinAPL-py,RPS27,1,1
CRISPRi.RT112,PinAPL-py,RPS3A,1,1
CRISPRi.RT112,PinAPL-py,RPS9,1,1
CRISPRi.RT112,PinAPL-py,RPTN,1,0
CRISPRi.RT112,PinAPL-py,RXFP2,1,0
CRISPRi.RT112,PinAPL-py,SAGE1,1,0
CRISPRi.RT112,PinAPL-py,SPATA16,1,0
CRISPRi.RT112,PinAPL-py,TAAR1,1,0
CRISPRi.RT112,PinAPL-py,TAAR8,1,0
CRISPRi.RT112,PinAPL-py,TAS2R13,1,0
CRISPRi.RT112,PinAPL-py,TAS2R9,1,0
CRISPRi.RT112,PinAPL-py,TGM6,1,0
CRISPRi.RT112,PinAPL-py,TPH2,1,0
CRISPRi.RT112,PinAPL-py,TRIM42,1,0
CRISPRi.RT112,PinAPL-py,VN1R2,1,0
CRISPRi.RT112,ScreenBEAM,NUP93,1.1783745201853101e-5,1
CRISPRi.RT112,ScreenBEAM,RPL34,9.775213736090648e-4,1
CRISPRi.RT112,ScreenBEAM,POLR2D,0.0045227388536612225,1
CRISPRi.RT112,ScreenBEAM,POLA1,6.27055344541226e-4,1
CRISPRi.RT112,ScreenBEAM,PSMA3,0.008932641475497934,1
CRISPRi.RT112,ScreenBEAM,RPL6,0.0029217513144124945,1
CRISPRi.RT112,ScreenBEAM,POLR2A,0.050115090297317144,1
CRISPRi.RT112,ScreenBEAM,COPB1,0.09532090948756577,1
CRISPRi.RT112,ScreenBEAM,RPL11,0.0016054706834126731,1
CRISPRi.RT112,ScreenBEAM,COPZ1,0.001093585817250679,1
CRISPRi.RT112,ScreenBEAM,NUP205,0.036742359273417534,1
CRISPRi.RT112,ScreenBEAM,PSMD1,0.0029217513144124945,1
CRISPRi.RT112,ScreenBEAM,RPS8,0.013361558743850676,1
CRISPRi.RT112,ScreenBEAM,RPS7,0.013372733862379525,1
CRISPRi.RT112,ScreenBEAM,RPS24,8.051258084800484e-4,1
CRISPRi.RT112,ScreenBEAM,RPL36,0.052694590602054135,1
CRISPRi.RT112,ScreenBEAM,RPS11,0.1863450480324488,1
CRISPRi.RT112,ScreenBEAM,RPS27,0.10970761273957703,1
CRISPRi.RT112,ScreenBEAM,RPL30,0.21104833421871735,1
CRISPRi.RT112,ScreenBEAM,PSMD7,0.051392132883536404,1
CRISPRi.RT112,ScreenBEAM,PSMD11,0.2500315681285127,1
CRISPRi.RT112,ScreenBEAM,COPA,0.2155460444151096,1
CRISPRi.RT112,ScreenBEAM,PSMD6,0.274536859518248,1
CRISPRi.RT112,ScreenBEAM,PSMC2,0.22508196400545688,1
CRISPRi.RT112,ScreenBEAM,NUP133,0.2771227637572266,1
CRISPRi.RT112,ScreenBEAM,RPL5,0.30004372625559683,1
CRISPRi.RT112,ScreenBEAM,RPS19,0.10970761273957703,1
CRISPRi.RT112,ScreenBEAM,NUP54,0.1652420523555802,1
CRISPRi.RT112,ScreenBEAM,RPL3,0.4967600680547253,1
CRISPRi.RT112,ScreenBEAM,PSMC1,0.6645603690430113,1
CRISPRi.RT112,ScreenBEAM,NUP98,0.3771355720051064,1
CRISPRi.RT112,ScreenBEAM,RPL18A,0.6906415072629405,1
CRISPRi.RT112,ScreenBEAM,POLR2F,0.6199383937458479,1
CRISPRi.RT112,ScreenBEAM,COPS4,0.7939540189838178,1
CRISPRi.RT112,ScreenBEAM,RPL9,0.9561812294434483,1
CRISPRi.RT112,ScreenBEAM,RPL27,1,1
CRISPRi.RT112,ScreenBEAM,RPL35A,1,1
CRISPRi.RT112,ScreenBEAM,RPS3A,1,1
CRISPRi.RT112,ScreenBEAM,TAS2R9,1,0
CRISPRi.RT112,ScreenBEAM,PSMB3,1,1
CRISPRi.RT112,ScreenBEAM,VN1R2,1,0
CRISPRi.RT112,ScreenBEAM,POU4F2,1,0
CRISPRi.RT112,ScreenBEAM,TAS2R13,1,0
CRISPRi.RT112,ScreenBEAM,PIWIL3,1,0
CRISPRi.RT112,ScreenBEAM,RPS9,1,1
CRISPRi.RT112,ScreenBEAM,PSMB2,1,1
CRISPRi.RT112,ScreenBEAM,PSMC4,1,1
CRISPRi.RT112,ScreenBEAM,TPH2,1,0
CRISPRi.RT112,ScreenBEAM,COPS6,1,1
CRISPRi.RT112,ScreenBEAM,OR12D2,1,0
CRISPRi.RT112,ScreenBEAM,ADH7,1,0
CRISPRi.RT112,ScreenBEAM,PLA2G2E,1,0
CRISPRi.RT112,ScreenBEAM,FAM71B,1,0
CRISPRi.RT112,ScreenBEAM,KRT77,1,0
CRISPRi.RT112,ScreenBEAM,OTUD6A,1,0
CRISPRi.RT112,ScreenBEAM,RXFP2,1,0
CRISPRi.RT112,ScreenBEAM,SAGE1,1,0
CRISPRi.RT112,ScreenBEAM,TAAR1,1,0
CRISPRi.RT112,ScreenBEAM,NLRP5,1,0
CRISPRi.RT112,ScreenBEAM,TRIM42,1,0
CRISPRi.RT112,ScreenBEAM,RNASE9,1,0
CRISPRi.RT112,ScreenBEAM,FCRL4,1,0
CRISPRi.RT112,ScreenBEAM,NPHS2,1,0
CRISPRi.RT112,ScreenBEAM,IL22,1,0
CRISPRi.RT112,ScreenBEAM,LUZP4,1,0
CRISPRi.RT112,ScreenBEAM,CYP7A1,1,0
CRISPRi.RT112,ScreenBEAM,NPSR1,1,0
CRISPRi.RT112,ScreenBEAM,DEFB129,1,0
CRISPRi.RT112,ScreenBEAM,IL1F10,1,0
CRISPRi.RT112,ScreenBEAM,RPS13,1,1
CRISPRi.RT112,ScreenBEAM,COPS8,1,1
CRISPRi.RT112,ScreenBEAM,DMRTB1,1,0
CRISPRi.RT112,ScreenBEAM,HTR3D,1,0
CRISPRi.RT112,ScreenBEAM,RPTN,1,0
CRISPRi.RT112,ScreenBEAM,CRYGB,1,0
CRISPRi.RT112,ScreenBEAM,KRT74,1,0
CRISPRi.RT112,ScreenBEAM,KRT25,1,0
CRISPRi.RT112,ScreenBEAM,OR52E8,1,0
CRISPRi.RT112,ScreenBEAM,OR9Q2,1,0
CRISPRi.RT112,ScreenBEAM,LYZL6,1,0
CRISPRi.RT112,ScreenBEAM,TAAR8,1,0
CRISPRi.RT112,ScreenBEAM,MAGEB3,1,0
CRISPRi.RT112,ScreenBEAM,ABCG8,1,0
CRISPRi.RT112,ScreenBEAM,LHX5,1,0
CRISPRi.RT112,ScreenBEAM,DMRTC2,1,0
CRISPRi.RT112,ScreenBEAM,SPATA16,1,0
CRISPRi.RT112,ScreenBEAM,COPS2,1,1
CRISPRi.RT112,ScreenBEAM,OLIG2,1,0
CRISPRi.RT112,ScreenBEAM,OC90,1,0
CRISPRi.RT112,ScreenBEAM,TGM6,1,0
CRISPRi.RT112,ScreenBEAM,KRT9,1,0
CRISPRi.RT112,ScreenBEAM,MRGPRD,1,0
CRISPRi.RT112,ScreenBEAM,CABP5,1,0
CRISPRi.RT112,sgRSEA,OLIG2,1,0
CRISPRi.RT112,sgRSEA,OC90,1,0
CRISPRi.RT112,sgRSEA,MAGEB3,1,0
CRISPRi.RT112,sgRSEA,FCRL4,1,0
CRISPRi.RT112,sgRSEA,RPS9,1,1
CRISPRi.RT112,sgRSEA,COPS8,1,1
CRISPRi.RT112,sgRSEA,TAAR8,1,0
CRISPRi.RT112,sgRSEA,CRYGB,1,0
CRISPRi.RT112,sgRSEA,DMRTB1,1,0
CRISPRi.RT112,sgRSEA,SPATA16,1,0
CRISPRi.RT112,sgRSEA,HTR3D,1,0
CRISPRi.RT112,sgRSEA,RPS3A,1,1
CRISPRi.RT112,sgRSEA,LHX5,1,0
CRISPRi.RT112,sgRSEA,IL22,1,0
CRISPRi.RT112,sgRSEA,DEFB129,1,0
CRISPRi.RT112,sgRSEA,LUZP4,1,0
CRISPRi.RT112,sgRSEA,KRT9,1,0
CRISPRi.RT112,sgRSEA,PSMC4,1,1
CRISPRi.RT112,sgRSEA,IL1F10,1,0
CRISPRi.RT112,sgRSEA,SAGE1,1,0
CRISPRi.RT112,sgRSEA,OTUD6A,1,0
CRISPRi.RT112,sgRSEA,RPL27,1,1
CRISPRi.RT112,sgRSEA,ABCG8,1,0
CRISPRi.RT112,sgRSEA,CABP5,1,0
CRISPRi.RT112,sgRSEA,NPHS2,1,0
CRISPRi.RT112,sgRSEA,ADH7,1,0
CRISPRi.RT112,sgRSEA,RXFP2,1,0
CRISPRi.RT112,sgRSEA,TAS2R9,1,0
CRISPRi.RT112,sgRSEA,TAAR1,1,0
CRISPRi.RT112,sgRSEA,NPSR1,1,0
CRISPRi.RT112,sgRSEA,OR12D2,1,0
CRISPRi.RT112,sgRSEA,RPL35A,1,1
CRISPRi.RT112,sgRSEA,KRT25,1,0
CRISPRi.RT112,sgRSEA,TGM6,1,0
CRISPRi.RT112,sgRSEA,KRT74,1,0
CRISPRi.RT112,sgRSEA,LYZL6,1,0
CRISPRi.RT112,sgRSEA,RPS13,1,1
CRISPRi.RT112,sgRSEA,RNASE9,1,0
CRISPRi.RT112,sgRSEA,TPH2,1,0
CRISPRi.RT112,sgRSEA,NLRP5,1,0
CRISPRi.RT112,sgRSEA,PSMB2,1,1
CRISPRi.RT112,sgRSEA,PSMB3,1,1
CRISPRi.RT112,sgRSEA,FAM71B,1,0
CRISPRi.RT112,sgRSEA,RPTN,1,0
CRISPRi.RT112,sgRSEA,DMRTC2,1,0
CRISPRi.RT112,sgRSEA,TRIM42,1,0
CRISPRi.RT112,sgRSEA,COPS2,1,1
CRISPRi.RT112,sgRSEA,CYP7A1,1,0
CRISPRi.RT112,sgRSEA,COPS6,1,1
CRISPRi.RT112,sgRSEA,PIWIL3,1,0
CRISPRi.RT112,sgRSEA,PLA2G2E,1,0
CRISPRi.RT112,sgRSEA,RPL18A,1,1
CRISPRi.RT112,sgRSEA,MRGPRD,1,0
CRISPRi.RT112,sgRSEA,POU4F2,1,0
CRISPRi.RT112,sgRSEA,VN1R2,1,0
CRISPRi.RT112,sgRSEA,TAS2R13,1,0
CRISPRi.RT112,sgRSEA,KRT77,1,0
CRISPRi.RT112,sgRSEA,OR52E8,1,0
CRISPRi.RT112,sgRSEA,OR9Q2,1,0
CRISPRi.RT112,sgRSEA,POLR2F,1,1
CRISPRi.RT112,sgRSEA,RPL9,1,1
CRISPRi.RT112,sgRSEA,PSMC1,1,1
CRISPRi.RT112,sgRSEA,COPA,1,1
CRISPRi.RT112,sgRSEA,NUP98,1,1
CRISPRi.RT112,sgRSEA,RPL3,1,1
CRISPRi.RT112,sgRSEA,NUP54,1,1
CRISPRi.RT112,sgRSEA,COPS4,1,1
CRISPRi.RT112,sgRSEA,RPS19,1,1
CRISPRi.RT112,sgRSEA,PSMD6,1,1
CRISPRi.RT112,sgRSEA,RPS11,0.9288337513436045,1
CRISPRi.RT112,sgRSEA,NUP133,0.924306388547038,1
CRISPRi.RT112,sgRSEA,PSMC2,0.8133448421875509,1
CRISPRi.RT112,sgRSEA,RPL5,0.7663919742027947,1
CRISPRi.RT112,sgRSEA,PSMD11,0.21992117520601936,1
CRISPRi.RT112,sgRSEA,PSMD7,0.11750174432857494,1
CRISPRi.RT112,sgRSEA,RPL30,0.08515466380031052,1
CRISPRi.RT112,sgRSEA,RPS7,0.06076253503909626,1
CRISPRi.RT112,sgRSEA,RPL36,0.031238803296309566,1
CRISPRi.RT112,sgRSEA,RPS27,0.017771408097456108,1
CRISPRi.RT112,sgRSEA,RPS24,0.011900496493832216,1
CRISPRi.RT112,sgRSEA,NUP205,0.007689551580630048,1
CRISPRi.RT112,sgRSEA,COPB1,0.007689551580630048,1
CRISPRi.RT112,sgRSEA,RPS8,0.007689551580630048,1
CRISPRi.RT112,sgRSEA,POLA1,0.007689551580630048,1
CRISPRi.RT112,sgRSEA,POLR2A,0.007404753373940046,1
CRISPRi.RT112,sgRSEA,PSMD1,0.004165173772841275,1
CRISPRi.RT112,sgRSEA,COPZ1,0.004165173772841275,1
CRISPRi.RT112,sgRSEA,RPL6,0.004165173772841275,1
CRISPRi.RT112,sgRSEA,RPL11,0.004165173772841275,1
CRISPRi.RT112,sgRSEA,RPL34,0.004165173772841275,1
CRISPRi.RT112,sgRSEA,PSMA3,0.004165173772841275,1
CRISPRi.RT112,sgRSEA,POLR2D,0.004165173772841275,1
CRISPRi.RT112,sgRSEA,NUP93,0.004165173772841275,1
