dataset,method,gene,score,essential
CRISPR.RT112,CC2,RPS19,1,1
CRISPR.RT112,CC2,NUP93,1,1
CRISPR.RT112,CC2,PSMD11,1,1
CRISPR.RT112,CC2,RPS3A,1,1
CRISPR.RT112,CC2,PSMB3,0.9999999999999994,1
CRISPR.RT112,CC2,POLR2A,1,1
CRISPR.RT112,CC2,RPS8,1,1
CRISPR.RT112,CC2,RPL36,1,1
CRISPR.RT112,CC2,RPS13,1,1
CRISPR.RT112,CC2,RPS11,1,1
CRISPR.RT112,CC2,PSMC1,1,1
CRISPR.RT112,CC2,RPS9,0.9999999999999994,1
CRISPR.RT112,CC2,COPB1,1,1
CRISPR.RT112,CC2,RPL5,1,1
CRISPR.RT112,CC2,RPL11,1,1
CRISPR.RT112,CC2,PSMB2,1,1
CRISPR.RT112,CC2,COPZ1,1,1
CRISPR.RT112,CC2,PSMD6,1,1
CRISPR.RT112,CC2,COPA,1,1
CRISPR.RT112,CC2,RPL18A,1,1
CRISPR.RT112,CC2,POLR2F,1,1
CRISPR.RT112,CC2,POLR2D,1,1
CRISPR.RT112,CC2,PSMA3,1,1
CRISPR.RT112,CC2,RPL34,1,1
CRISPR.RT112,CC2,RPS24,0.9999999905575928,1
CRISPR.RT112,CC2,PSMC4,1,1
CRISPR.RT112,CC2,RPL27,0.999999998083102,1
CRISPR.RT112,CC2,RPL9,1,1
CRISPR.RT112,CC2,PSMC2,1,1
CRISPR.RT112,CC2,NUP54,1,1
CRISPR.RT112,CC2,COPS4,1,1
CRISPR.RT112,CC2,NUP133,1,1
CRISPR.RT112,CC2,RPL35A,1,1
CRISPR.RT112,CC2,RPL3,1,1
CRISPR.RT112,CC2,RPL30,0.9999999986217034,1
CRISPR.RT112,CC2,POLA1,1,1
CRISPR.RT112,CC2,NUP98,1,1
CRISPR.RT112,CC2,COPS2,0.9999999999953632,1
CRISPR.RT112,CC2,RPL6,0.999956813257772,1
CRISPR.RT112,CC2,PSMD7,1,1
CRISPR.RT112,CC2,COPS8,0.9999999999998394,1
CRISPR.RT112,CC2,COPS6,1,1
CRISPR.RT112,CC2,NUP205,1,1
CRISPR.RT112,CC2,PSMD1,1,1
CRISPR.RT112,CC2,RPS7,0.9997843066980446,1
CRISPR.RT112,CC2,RPS27,0.9999999995893216,1
CRISPR.RT112,CC2,LYZL6,0.29581410604223113,0
CRISPR.RT112,CC2,CRYGB,1.709743457922741e-14,0
CRISPR.RT112,CC2,MRGPRD,1.488809076022335e-13,0
CRISPR.RT112,CC2,IL1F10,2.6423307986078726e-14,0
CRISPR.RT112,CC2,OTUD6A,0,0
CRISPR.RT112,CC2,KRT25,4.00768307429189e-12,0
CRISPR.RT112,CC2,PIWIL3,0,0
CRISPR.RT112,CC2,TPH2,7.549516567451064e-15,0
CRISPR.RT112,CC2,RNASE9,0,0
CRISPR.RT112,CC2,NPSR1,1.7763568394002505e-15,0
CRISPR.RT112,CC2,DMRTB1,0,0
CRISPR.RT112,CC2,RPTN,0,0
CRISPR.RT112,CC2,HTR3D,0,0
CRISPR.RT112,CC2,DMRTC2,0,0
CRISPR.RT112,CC2,OLIG2,0,0
CRISPR.RT112,CC2,IL22,3.3306690738754696e-16,0
CRISPR.RT112,CC2,OR9Q2,3.4801050929900157e-12,0
CRISPR.RT112,CC2,RXFP2,0,0
CRISPR.RT112,CC2,LUZP4,3.019806626980426e-14,0
CRISPR.RT112,CC2,KRT74,0,0
CRISPR.RT112,CC2,OC90,8.981482224612591e-12,0
CRISPR.RT112,CC2,NPHS2,4.440892098500626e-16,0
CRISPR.RT112,CC2,FCRL4,6.661338147750939e-16,0
CRISPR.RT112,CC2,LHX5,1.1102230246251565e-16,0
CRISPR.RT112,CC2,FAM71B,0,0
CRISPR.RT112,CC2,CYP7A1,0,0
CRISPR.RT112,CC2,SAGE1,0,0
CRISPR.RT112,CC2,SPATA16,0,0
CRISPR.RT112,CC2,TAAR8,0,0
CRISPR.RT112,CC2,CABP5,0,0
CRISPR.RT112,CC2,ADH7,0,0
CRISPR.RT112,CC2,TGM6,0,0
CRISPR.RT112,CC2,TRIM42,0,0
CRISPR.RT112,CC2,KRT9,0,0
CRISPR.RT112,CC2,TAS2R13,0,0
CRISPR.RT112,CC2,NLRP5,0,0
CRISPR.RT112,CC2,MAGEB3,0,0
CRISPR.RT112,CC2,VN1R2,0,0
CRISPR.RT112,CC2,ABCG8,0,0
CRISPR.RT112,CC2,OR12D2,0,0
CRISPR.RT112,CC2,POU4F2,0,0
CRISPR.RT112,CC2,DEFB129,0,0
CRISPR.RT112,CC2,KRT77,0,0
CRISPR.RT112,CC2,PLA2G2E,0,0
CRISPR.RT112,CC2,TAAR1,0,0
CRISPR.RT112,CC2,TAS2R9,0,0
CRISPR.RT112,CC2,OR52E8,0,0
CRISPR.RT112,HitSelect,PSMB2,1.56937,1
CRISPR.RT112,HitSelect,RPS19,1.65311,1
CRISPR.RT112,HitSelect,RPS13,1.50651,1
CRISPR.RT112,HitSelect,RPL11,1.48414,1
CRISPR.RT112,HitSelect,RPS9,1.8271,1
CRISPR.RT112,HitSelect,NUP93,1.5127,1
CRISPR.RT112,HitSelect,RPS8,1.52692,1
CRISPR.RT112,HitSelect,RPL35A,1.90221,1
CRISPR.RT112,HitSelect,RPL36,1.48916,1
CRISPR.RT112,HitSelect,POLR2A,1.45798,1
CRISPR.RT112,HitSelect,RPL9,1.68513,1
CRISPR.RT112,HitSelect,POLR2D,1.36914,1
CRISPR.RT112,HitSelect,PSMD6,1.0529,1
CRISPR.RT112,HitSelect,COPB1,1.25946,1
CRISPR.RT112,HitSelect,RPL34,1.44695,1
CRISPR.RT112,HitSelect,COPA,1.21204,1
CRISPR.RT112,HitSelect,COPS4,1.17261,1
CRISPR.RT112,HitSelect,PSMD11,1.11733,1
CRISPR.RT112,HitSelect,RPL18A,1.2091,1
CRISPR.RT112,HitSelect,PSMD7,1.07113,1
CRISPR.RT112,HitSelect,PSMC2,1.02222,1
CRISPR.RT112,HitSelect,PSMC1,1.12701,1
CRISPR.RT112,HitSelect,PSMC4,1.0176,1
CRISPR.RT112,HitSelect,COPZ1,0.945186,1
CRISPR.RT112,HitSelect,PSMB3,1.17647,1
CRISPR.RT112,HitSelect,PSMA3,1.12112,1
CRISPR.RT112,HitSelect,RPL30,1.17883,1
CRISPR.RT112,HitSelect,POLA1,1.05581,1
CRISPR.RT112,HitSelect,RPS11,1.0541,1
CRISPR.RT112,HitSelect,RPL5,1.04308,1
CRISPR.RT112,HitSelect,POLR2F,0.970786,1
CRISPR.RT112,HitSelect,NUP133,0.950174,1
CRISPR.RT112,HitSelect,RPS3A,1.05474,1
CRISPR.RT112,HitSelect,NUP98,0.576787,1
CRISPR.RT112,HitSelect,RPL27,1.03227,1
CRISPR.RT112,HitSelect,NUP205,0.865749,1
CRISPR.RT112,HitSelect,COPS6,0.78803,1
CRISPR.RT112,HitSelect,NUP54,0.725479,1
CRISPR.RT112,HitSelect,RPL3,0.647952,1
CRISPR.RT112,HitSelect,COPS2,0.916018,1
CRISPR.RT112,HitSelect,PSMD1,0.688085,1
CRISPR.RT112,HitSelect,COPS8,0.532038,1
CRISPR.RT112,HitSelect,RPS24,0.469086,1
CRISPR.RT112,HitSelect,RPS27,0.481894,1
CRISPR.RT112,HitSelect,RPS7,0.561261,1
CRISPR.RT112,HitSelect,RPL6,0.625811,1
CRISPR.RT112,HitSelect,LYZL6,0.136912,0
CRISPR.RT112,HitSelect,IL1F10,-0.168848,0
CRISPR.RT112,HitSelect,MRGPRD,-0.210239,0
CRISPR.RT112,HitSelect,DMRTC2,-0.224103,0
CRISPR.RT112,HitSelect,DMRTB1,-0.234062,0
CRISPR.RT112,HitSelect,KRT25,-0.248744,0
CRISPR.RT112,HitSelect,HTR3D,-0.262905,0
CRISPR.RT112,HitSelect,PIWIL3,-0.263367,0
CRISPR.RT112,HitSelect,OR9Q2,-0.267796,0
CRISPR.RT112,HitSelect,OC90,-0.277903,0
CRISPR.RT112,HitSelect,TPH2,-0.290083,0
CRISPR.RT112,HitSelect,OTUD6A,-0.290904,0
CRISPR.RT112,HitSelect,RNASE9,-0.294649,0
CRISPR.RT112,HitSelect,KRT9,-0.303464,0
CRISPR.RT112,HitSelect,KRT74,-0.306877,0
CRISPR.RT112,HitSelect,LUZP4,-0.311622,0
CRISPR.RT112,HitSelect,CYP7A1,-0.312009,0
CRISPR.RT112,HitSelect,NPHS2,-0.313878,0
CRISPR.RT112,HitSelect,RPTN,-0.315985,0
CRISPR.RT112,HitSelect,CRYGB,-0.317842,0
CRISPR.RT112,HitSelect,ABCG8,-0.318536,0
CRISPR.RT112,HitSelect,IL22,-0.321716,0
CRISPR.RT112,HitSelect,SPATA16,-0.322267,0
CRISPR.RT112,HitSelect,OR12D2,-0.331159,0
CRISPR.RT112,HitSelect,FCRL4,-0.331239,0
CRISPR.RT112,HitSelect,TAS2R13,-0.33816,0
CRISPR.RT112,HitSelect,CABP5,-0.344392,0
CRISPR.RT112,HitSelect,TRIM42,-0.346215,0
CRISPR.RT112,HitSelect,NPSR1,-0.346919,0
CRISPR.RT112,HitSelect,RXFP2,-0.349175,0
CRISPR.RT112,HitSelect,KRT77,-0.350676,0
CRISPR.RT112,HitSelect,OLIG2,-0.351679,0
CRISPR.RT112,HitSelect,ADH7,-0.352967,0
CRISPR.RT112,HitSelect,DEFB129,-0.361424,0
CRISPR.RT112,HitSelect,TAS2R9,-0.361565,0
CRISPR.RT112,HitSelect,SAGE1,-0.366276,0
CRISPR.RT112,HitSelect,LHX5,-0.366409,0
CRISPR.RT112,HitSelect,TGM6,-0.367664,0
CRISPR.RT112,HitSelect,TAAR8,-0.369915,0
CRISPR.RT112,HitSelect,PLA2G2E,-0.371247,0
CRISPR.RT112,HitSelect,VN1R2,-0.371256,0
CRISPR.RT112,HitSelect,MAGEB3,-0.376039,0
CRISPR.RT112,HitSelect,FAM71B,-0.38265,0
CRISPR.RT112,HitSelect,TAAR1,-0.388947,0
CRISPR.RT112,HitSelect,NLRP5,-0.405354,0
CRISPR.RT112,HitSelect,POU4F2,-0.405379,0
CRISPR.RT112,HitSelect,OR52E8,-0.439313,0
CRISPR.RT112,MAGeCK,PSMD6,0.99999988007,1
CRISPR.RT112,MAGeCK,NUP98,0.999998672,1
CRISPR.RT112,MAGeCK,PSMB2,0.9999981044,1
CRISPR.RT112,MAGeCK,RPS13,0.99998635,1
CRISPR.RT112,MAGeCK,PSMD11,0.999967888,1
CRISPR.RT112,MAGeCK,PSMC4,0.999965957,1
CRISPR.RT112,MAGeCK,RPL3,0.999930423,1
CRISPR.RT112,MAGeCK,RPL11,0.999927448,1
CRISPR.RT112,MAGeCK,PSMC1,0.999921582,1
CRISPR.RT112,MAGeCK,PSMD7,0.999900211,1
CRISPR.RT112,MAGeCK,COPB1,0.99989986,1
CRISPR.RT112,MAGeCK,COPS4,0.99987944,1
CRISPR.RT112,MAGeCK,NUP205,0.9998675,1
CRISPR.RT112,MAGeCK,RPL18A,0.99983511,1
CRISPR.RT112,MAGeCK,POLR2F,0.99981205,1
CRISPR.RT112,MAGeCK,POLR2D,0.99978076,1
CRISPR.RT112,MAGeCK,RPS19,0.99977715,1
CRISPR.RT112,MAGeCK,RPS8,0.99974271,1
CRISPR.RT112,MAGeCK,COPA,0.99964159,1
CRISPR.RT112,MAGeCK,POLR2A,0.99949797,1
CRISPR.RT112,MAGeCK,NUP93,0.99938662,1
CRISPR.RT112,MAGeCK,NUP54,0.99916894,1
CRISPR.RT112,MAGeCK,PSMC2,0.99906376,1
CRISPR.RT112,MAGeCK,COPS6,0.9982813,1
CRISPR.RT112,MAGeCK,RPL36,0.9980841,1
CRISPR.RT112,MAGeCK,POLA1,0.997315,1
CRISPR.RT112,MAGeCK,RPS3A,0.9969732,1
CRISPR.RT112,MAGeCK,RPL35A,0.9947058,1
CRISPR.RT112,MAGeCK,COPZ1,0.9933989,1
CRISPR.RT112,MAGeCK,PSMD1,0.9931515,1
CRISPR.RT112,MAGeCK,RPS9,0.9914481,1
CRISPR.RT112,MAGeCK,RPS27,0.9908918,1
CRISPR.RT112,MAGeCK,NUP133,0.9901141,1
CRISPR.RT112,MAGeCK,RPL34,0.988884,1
CRISPR.RT112,MAGeCK,RPS11,0.988853,1
CRISPR.RT112,MAGeCK,COPS8,0.985671,1
CRISPR.RT112,MAGeCK,RPL9,0.979068,1
CRISPR.RT112,MAGeCK,RPL5,0.974641,1
CRISPR.RT112,MAGeCK,PSMA3,0.963681,1
CRISPR.RT112,MAGeCK,PSMB3,0.961737,1
CRISPR.RT112,MAGeCK,COPS2,0.906107,1
CRISPR.RT112,MAGeCK,RPL30,0.89673,1
CRISPR.RT112,MAGeCK,RPL6,0.89628,1
CRISPR.RT112,MAGeCK,RPS24,0.85697,1
CRISPR.RT112,MAGeCK,RPL27,0.7316400000000001,1
CRISPR.RT112,MAGeCK,RPS7,0.5574,1
CRISPR.RT112,MAGeCK,MRGPRD,0.09950000000000003,0
CRISPR.RT112,MAGeCK,LYZL6,0.09721000000000002,0
CRISPR.RT112,MAGeCK,IL1F10,0.09165999999999996,0
CRISPR.RT112,MAGeCK,KRT25,0.02153000000000005,0
CRISPR.RT112,MAGeCK,CRYGB,0.004809999999999981,0
CRISPR.RT112,MAGeCK,OTUD6A,0.00387000000000004,0
CRISPR.RT112,MAGeCK,PIWIL3,0.003290000000000015,0
CRISPR.RT112,MAGeCK,TPH2,0.003229999999999955,0
CRISPR.RT112,MAGeCK,NPSR1,0.0030000000000000027,0
CRISPR.RT112,MAGeCK,DMRTB1,0.002829999999999999,0
CRISPR.RT112,MAGeCK,RPTN,0.0026800000000000157,0
CRISPR.RT112,MAGeCK,HTR3D,0.0025800000000000267,0
CRISPR.RT112,MAGeCK,DMRTC2,0.0023499999999999632,0
CRISPR.RT112,MAGeCK,OLIG2,0.0022600000000000398,0
CRISPR.RT112,MAGeCK,IL22,0.0021700000000000053,0
CRISPR.RT112,MAGeCK,OR9Q2,0.0018200000000000438,0
CRISPR.RT112,MAGeCK,RXFP2,0.0017899999999999583,0
CRISPR.RT112,MAGeCK,LUZP4,0.0017500000000000293,0
CRISPR.RT112,MAGeCK,KRT74,0.0017200000000000548,0
CRISPR.RT112,MAGeCK,RNASE9,0.0017099999999999893,0
CRISPR.RT112,MAGeCK,OC90,0.0016500000000000403,0
CRISPR.RT112,MAGeCK,NPHS2,0.0016199999999999548,0
CRISPR.RT112,MAGeCK,FCRL4,0.0014100000000000223,0
CRISPR.RT112,MAGeCK,LHX5,0.0011499999999999844,0
CRISPR.RT112,MAGeCK,FAM71B,0.0011299999999999644,0
CRISPR.RT112,MAGeCK,CYP7A1,0.0010200000000000209,0
CRISPR.RT112,MAGeCK,SAGE1,8.599999999999719e-4,0
CRISPR.RT112,MAGeCK,SPATA16,8.299999999999974e-4,0
CRISPR.RT112,MAGeCK,TAAR8,7.899999999999574e-4,0
CRISPR.RT112,MAGeCK,CABP5,5.500000000000504e-4,0
CRISPR.RT112,MAGeCK,ADH7,4.999999999999449e-4,0
CRISPR.RT112,MAGeCK,TRIM42,4.4999999999995044e-4,0
CRISPR.RT112,MAGeCK,KRT9,4.1999999999997595e-4,0
CRISPR.RT112,MAGeCK,TAS2R13,3.9999999999995595e-4,0
CRISPR.RT112,MAGeCK,NLRP5,2.2999999999995246e-4,0
CRISPR.RT112,MAGeCK,MAGEB3,2.1999999999999797e-4,0
CRISPR.RT112,MAGeCK,VN1R2,1.9999999999997797e-4,0
CRISPR.RT112,MAGeCK,ABCG8,1.9999999999997797e-4,0
CRISPR.RT112,MAGeCK,OR12D2,1.9000000000002348e-4,0
CRISPR.RT112,MAGeCK,POU4F2,1.7999999999995797e-4,0
CRISPR.RT112,MAGeCK,DEFB129,1.100000000000545e-4,0
CRISPR.RT112,MAGeCK,KRT77,4.999999999999449e-5,0
CRISPR.RT112,MAGeCK,PLA2G2E,2.999999999997449e-5,0
CRISPR.RT112,MAGeCK,TAAR1,2.999999999997449e-5,0
CRISPR.RT112,MAGeCK,TGM6,2.0000000000020002e-5,0
CRISPR.RT112,MAGeCK,TAS2R9,2.0000000000020002e-5,0
CRISPR.RT112,MAGeCK,OR52E8,0,0
CRISPR.RT112,PBNPA,ABCG8,8.46389283469029e-4,0
CRISPR.RT112,PBNPA,ADH7,1.1275826863599292e-4,0
CRISPR.RT112,PBNPA,CABP5,8.315753622789579e-5,0
CRISPR.RT112,PBNPA,COPA,0.9999446499119402,1
CRISPR.RT112,PBNPA,COPB1,0.9997266668397446,1
CRISPR.RT112,PBNPA,COPS2,0.9587522956977285,1
CRISPR.RT112,PBNPA,COPS4,0.9999478483717104,1
CRISPR.RT112,PBNPA,COPS6,0.9824202558150494,1
CRISPR.RT112,PBNPA,COPS8,0.7499351178973395,1
CRISPR.RT112,PBNPA,COPZ1,0.8971215202056326,1
CRISPR.RT112,PBNPA,CRYGB,6.127448279802383e-5,0
CRISPR.RT112,PBNPA,CYP7A1,0.0066964501204663796,0
CRISPR.RT112,PBNPA,DEFB129,3.2348370260337767e-5,0
CRISPR.RT112,PBNPA,DMRTB1,0.0990876848027642,0
CRISPR.RT112,PBNPA,DMRTC2,0.12276677789762858,0
CRISPR.RT112,PBNPA,FAM71B,1.021367895814862e-6,0
CRISPR.RT112,PBNPA,FCRL4,0.009762135219108181,0
CRISPR.RT112,PBNPA,HTR3D,0.02929488210129161,0
CRISPR.RT112,PBNPA,IL1F10,0.3392859019679042,0
CRISPR.RT112,PBNPA,IL22,0.0015472014702725412,0
CRISPR.RT112,PBNPA,KRT25,0.019293027175135813,0
CRISPR.RT112,PBNPA,KRT74,0.020235355120448495,0
CRISPR.RT112,PBNPA,KRT77,2.1046561312787482e-4,0
CRISPR.RT112,PBNPA,KRT9,0.013979433356041682,0
CRISPR.RT112,PBNPA,LHX5,0.0012541061248714236,0
CRISPR.RT112,PBNPA,LUZP4,4.718583541382104e-4,0
CRISPR.RT112,PBNPA,LYZL6,0.30890651883253883,0
CRISPR.RT112,PBNPA,MAGEB3,5.249071619706225e-5,0
CRISPR.RT112,PBNPA,MRGPRD,0.1889318204304391,0
CRISPR.RT112,PBNPA,NLRP5,5.608097985998484e-9,0
CRISPR.RT112,PBNPA,NPHS2,1.5461278738182482e-4,0
CRISPR.RT112,PBNPA,NPSR1,7.481993464963921e-5,0
CRISPR.RT112,PBNPA,NUP133,0.9955456487694814,1
CRISPR.RT112,PBNPA,NUP205,0.9886594657398459,1
CRISPR.RT112,PBNPA,NUP54,0.9781850027683001,1
CRISPR.RT112,PBNPA,NUP93,0.9999886561487371,1
CRISPR.RT112,PBNPA,NUP98,0.9427715250780675,1
CRISPR.RT112,PBNPA,OC90,0.06879352793152738,0
CRISPR.RT112,PBNPA,OLIG2,2.0273402186976597e-4,0
CRISPR.RT112,PBNPA,OR12D2,0.001103094482927669,0
CRISPR.RT112,PBNPA,OR52E8,1.6576386929756382e-9,0
CRISPR.RT112,PBNPA,OR9Q2,0.004618867317137676,0
CRISPR.RT112,PBNPA,OTUD6A,0.005345357010557827,0
CRISPR.RT112,PBNPA,PIWIL3,0.027388889357243373,0
CRISPR.RT112,PBNPA,PLA2G2E,6.694841979448807e-5,0
CRISPR.RT112,PBNPA,POLA1,0.9905675197332925,1
CRISPR.RT112,PBNPA,POLR2A,0.9982080672349579,1
CRISPR.RT112,PBNPA,POLR2D,0.999995728097208,1
CRISPR.RT112,PBNPA,POLR2F,0.9955727902610182,1
CRISPR.RT112,PBNPA,POU4F2,4.702960538494061e-5,0
CRISPR.RT112,PBNPA,PSMA3,0.9881674073380649,1
CRISPR.RT112,PBNPA,PSMB2,0.9999972938507422,1
CRISPR.RT112,PBNPA,PSMB3,0.9292108251771618,1
CRISPR.RT112,PBNPA,PSMC1,0.9999022539787932,1
CRISPR.RT112,PBNPA,PSMC2,0.9967416137904842,1
CRISPR.RT112,PBNPA,PSMC4,0.9971663086585786,1
CRISPR.RT112,PBNPA,PSMD1,0.9535526511336864,1
CRISPR.RT112,PBNPA,PSMD11,0.9994972510327441,1
CRISPR.RT112,PBNPA,PSMD6,0.9985153253282121,1
CRISPR.RT112,PBNPA,PSMD7,0.9999708440275507,1
CRISPR.RT112,PBNPA,RNASE9,0.010762818346001346,0
CRISPR.RT112,PBNPA,RPL11,0.99999946024431,1
CRISPR.RT112,PBNPA,RPL18A,0.9999601403319769,1
CRISPR.RT112,PBNPA,RPL27,0.7231220696252616,1
CRISPR.RT112,PBNPA,RPL3,0.9261753404125886,1
CRISPR.RT112,PBNPA,RPL30,0.8898109333002102,1
CRISPR.RT112,PBNPA,RPL34,0.99999946024431,1
CRISPR.RT112,PBNPA,RPL35A,0.9999981183786012,1
CRISPR.RT112,PBNPA,RPL36,0.9998276123237835,1
CRISPR.RT112,PBNPA,RPL5,0.9503912595186144,1
CRISPR.RT112,PBNPA,RPL6,0.9985319562928882,1
CRISPR.RT112,PBNPA,RPL9,0.9890785743830567,1
CRISPR.RT112,PBNPA,RPS11,0.9784751458435308,1
CRISPR.RT112,PBNPA,RPS13,0.9999949739145139,1
CRISPR.RT112,PBNPA,RPS19,0.9999985467882347,1
CRISPR.RT112,PBNPA,RPS24,0.7002429797296779,1
CRISPR.RT112,PBNPA,RPS27,0.9501743466277275,1
CRISPR.RT112,PBNPA,RPS3A,0.9968165934222296,1
CRISPR.RT112,PBNPA,RPS7,0.4349782803535204,1
CRISPR.RT112,PBNPA,RPS8,0.9999938689962327,1
CRISPR.RT112,PBNPA,RPS9,0.9999997118886002,1
CRISPR.RT112,PBNPA,RPTN,0.004970312627196716,0
CRISPR.RT112,PBNPA,RXFP2,1.5816735350038247e-4,0
CRISPR.RT112,PBNPA,SAGE1,6.818317698997767e-6,0
CRISPR.RT112,PBNPA,SPATA16,0.004835957988444717,0
CRISPR.RT112,PBNPA,TAAR1,8.502621825501322e-7,0
CRISPR.RT112,PBNPA,TAAR8,3.231447701645962e-6,0
CRISPR.RT112,PBNPA,TAS2R13,6.433723653098689e-5,0
CRISPR.RT112,PBNPA,TAS2R9,1.0650626350816594e-4,0
CRISPR.RT112,PBNPA,TGM6,3.5718325896993974e-7,0
CRISPR.RT112,PBNPA,TPH2,0.003466203619410746,0
CRISPR.RT112,PBNPA,TRIM42,3.9639767311838714e-4,0
CRISPR.RT112,PBNPA,VN1R2,8.46143825228296e-7,0
CRISPR.RT112,PinAPL-py,COPA,1,1
CRISPR.RT112,PinAPL-py,COPB1,1,1
CRISPR.RT112,PinAPL-py,COPS4,1,1
CRISPR.RT112,PinAPL-py,NUP93,1,1
CRISPR.RT112,PinAPL-py,NUP98,1,1
CRISPR.RT112,PinAPL-py,POLR2A,1,1
CRISPR.RT112,PinAPL-py,POLR2D,1,1
CRISPR.RT112,PinAPL-py,PSMB2,1,1
CRISPR.RT112,PinAPL-py,PSMC2,1,1
CRISPR.RT112,PinAPL-py,PSMD11,1,1
CRISPR.RT112,PinAPL-py,PSMD6,1,1
CRISPR.RT112,PinAPL-py,PSMD7,1,1
CRISPR.RT112,PinAPL-py,RPL11,1,1
CRISPR.RT112,PinAPL-py,RPS13,1,1
CRISPR.RT112,PinAPL-py,RPS19,1,1
CRISPR.RT112,PinAPL-py,RPS8,1,1
CRISPR.RT112,PinAPL-py,RPS9,1,1
CRISPR.RT112,PinAPL-py,RPL3,0.9999999999999993,1
CRISPR.RT112,PinAPL-py,RPL36,0.9999999999999989,1
CRISPR.RT112,PinAPL-py,COPS6,0.9870455018609,1
CRISPR.RT112,PinAPL-py,COPZ1,0.9794862249031,1
CRISPR.RT112,PinAPL-py,PSMC4,0.9675989486801,1
CRISPR.RT112,PinAPL-py,POLR2F,0.9631072846371,1
CRISPR.RT112,PinAPL-py,NUP133,0.9510475954851,1
CRISPR.RT112,PinAPL-py,NUP205,0.9510475954851,1
CRISPR.RT112,PinAPL-py,NUP54,0.9510475954851,1
CRISPR.RT112,PinAPL-py,PSMC1,0.9510475954851,1
CRISPR.RT112,PinAPL-py,PSMD1,0.9510475954851,1
CRISPR.RT112,PinAPL-py,POLA1,0.9452238759596,1
CRISPR.RT112,PinAPL-py,RPL35A,0.891302188958,1
CRISPR.RT112,PinAPL-py,RPL9,0.873486871679,1
CRISPR.RT112,PinAPL-py,PSMA3,0.862746974306,1
CRISPR.RT112,PinAPL-py,COPS8,0.801560671903,1
CRISPR.RT112,PinAPL-py,RPL34,0.7038123082659999,1
CRISPR.RT112,PinAPL-py,RPS3A,0.6420904434079999,1
CRISPR.RT112,PinAPL-py,RPL18A,0.477275862701,1
CRISPR.RT112,PinAPL-py,RPS11,0.472274038262,1
CRISPR.RT112,PinAPL-py,PSMB3,0.47064174762699995,1
CRISPR.RT112,PinAPL-py,RPL5,0.46347007093799997,1
CRISPR.RT112,PinAPL-py,RPL30,0.385655424511,1
CRISPR.RT112,PinAPL-py,COPS2,0.23665951284200004,1
CRISPR.RT112,PinAPL-py,RPS24,0.013437600418000017,1
CRISPR.RT112,PinAPL-py,RPL27,0.002549918518000016,1
CRISPR.RT112,PinAPL-py,ABCG8,0,0
CRISPR.RT112,PinAPL-py,ADH7,0,0
CRISPR.RT112,PinAPL-py,CABP5,0,0
CRISPR.RT112,PinAPL-py,CRYGB,0,0
CRISPR.RT112,PinAPL-py,CYP7A1,0,0
CRISPR.RT112,PinAPL-py,DEFB129,0,0
CRISPR.RT112,PinAPL-py,DMRTB1,0,0
CRISPR.RT112,PinAPL-py,DMRTC2,0,0
CRISPR.RT112,PinAPL-py,FAM71B,0,0
CRISPR.RT112,PinAPL-py,FCRL4,0,0
CRISPR.RT112,PinAPL-py,HTR3D,0,0
CRISPR.RT112,PinAPL-py,IL1F10,0,0
CRISPR.RT112,PinAPL-py,IL22,0,0
CRISPR.RT112,PinAPL-py,KRT25,0,0
CRISPR.RT112,PinAPL-py,KRT74,0,0
CRISPR.RT112,PinAPL-py,KRT77,0,0
CRISPR.RT112,PinAPL-py,KRT9,0,0
CRISPR.RT112,PinAPL-py,LHX5,0,0
CRISPR.RT112,PinAPL-py,LUZP4,0,0
CRISPR.RT112,PinAPL-py,LYZL6,0,0
CRISPR.RT112,PinAPL-py,MAGEB3,0,0
CRISPR.RT112,PinAPL-py,MRGPRD,0,0
CRISPR.RT112,PinAPL-py,NLRP5,0,0
CRISPR.RT112,PinAPL-py,NPHS2,0,0
CRISPR.RT112,PinAPL-py,NPSR1,0,0
CRISPR.RT112,PinAPL-py,OC90,0,0
CRISPR.RT112,PinAPL-py,OLIG2,0,0
CRISPR.RT112,PinAPL-py,OR12D2,0,0
CRISPR.RT112,PinAPL-py,OR52E8,0,0
CRISPR.RT112,PinAPL-py,OR9Q2,0,0
CRISPR.RT112,PinAPL-py,OTUD6A,0,0
CRISPR.RT112,PinAPL-py,PIWIL3,0,0
CRISPR.RT112,PinAPL-py,PLA2G2E,0,0
CRISPR.RT112,PinAPL-py,POU4F2,0,0
CRISPR.RT112,PinAPL-py,RNASE9,0,0
CRISPR.RT112,PinAPL-py,RPL6,0,1
CRISPR.RT112,PinAPL-py,RPS27,0,1
CRISPR.RT112,PinAPL-py,RPS7,0,1
CRISPR.RT112,PinAPL-py,RPTN,0,0
CRISPR.RT112,PinAPL-py,RXFP2,0,0
CRISPR.RT112,PinAPL-py,SAGE1,0,0
CRISPR.RT112,PinAPL-py,SPATA16,0,0
CRISPR.RT112,PinAPL-py,TAAR1,0,0
CRISPR.RT112,PinAPL-py,TAAR8,0,0
CRISPR.RT112,PinAPL-py,TAS2R13,0,0
CRISPR.RT112,PinAPL-py,TAS2R9,0,0
CRISPR.RT112,PinAPL-py,TGM6,0,0
CRISPR.RT112,PinAPL-py,TPH2,0,0
CRISPR.RT112,PinAPL-py,TRIM42,0,0
CRISPR.RT112,PinAPL-py,VN1R2,0,0
CRISPR.RT112,ScreenBEAM,RPS13,0.319910839407845,1
CRISPR.RT112,ScreenBEAM,RPL11,0.4025795663464594,1
CRISPR.RT112,ScreenBEAM,RPS19,0.3681152584633653,1
CRISPR.RT112,ScreenBEAM,RPL35A,0.6500258278045757,1
CRISPR.RT112,ScreenBEAM,PSMB2,0.27896399623121426,1
CRISPR.RT112,ScreenBEAM,POLR2D,0.3396270163811153,1
CRISPR.RT112,ScreenBEAM,RPS8,0.44395099031509166,1
CRISPR.RT112,ScreenBEAM,NUP93,0.40145539255126966,1
CRISPR.RT112,ScreenBEAM,POLR2A,0.4751125556016572,1
CRISPR.RT112,ScreenBEAM,RPL18A,0.3419248464231,1
CRISPR.RT112,ScreenBEAM,RPL34,0.5122081184573645,1
CRISPR.RT112,ScreenBEAM,RPL36,0.47400581007803966,1
CRISPR.RT112,ScreenBEAM,PSMD11,0.2576287640233597,1
CRISPR.RT112,ScreenBEAM,COPB1,0.28501338170155177,1
CRISPR.RT112,ScreenBEAM,PSMD7,0.291112630979175,1
CRISPR.RT112,ScreenBEAM,COPA,0.36032953759466024,1
CRISPR.RT112,ScreenBEAM,COPS4,0.290991303373053,1
CRISPR.RT112,ScreenBEAM,RPS3A,0.347565422703187,1
CRISPR.RT112,ScreenBEAM,RPS9,0.5024336793592357,1
CRISPR.RT112,ScreenBEAM,PSMC4,0.3124114395039079,1
CRISPR.RT112,ScreenBEAM,PSMD6,0.17389473784998608,1
CRISPR.RT112,ScreenBEAM,RPL9,0.49804431866736254,1
CRISPR.RT112,ScreenBEAM,RPL6,0.3745946792821246,1
CRISPR.RT112,ScreenBEAM,PSMC1,0.340558265609716,1
CRISPR.RT112,ScreenBEAM,POLR2F,0.2848392102906379,1
CRISPR.RT112,ScreenBEAM,PSMC2,0.254258398529531,1
CRISPR.RT112,ScreenBEAM,POLA1,0.343791662030126,1
CRISPR.RT112,ScreenBEAM,RPS11,0.42576891509398723,1
CRISPR.RT112,ScreenBEAM,NUP205,0.29061360272365877,1
CRISPR.RT112,ScreenBEAM,COPS6,0.26043868135437626,1
CRISPR.RT112,ScreenBEAM,NUP133,0.3539116854220505,1
CRISPR.RT112,ScreenBEAM,RPL5,0.37798181845892526,1
CRISPR.RT112,ScreenBEAM,NUP54,0.30940067035381,1
CRISPR.RT112,ScreenBEAM,RPL3,0.27602746543152895,1
CRISPR.RT112,ScreenBEAM,PSMA3,0.3572592753546649,1
CRISPR.RT112,ScreenBEAM,PSMB3,0.4501506024936459,1
CRISPR.RT112,ScreenBEAM,COPZ1,0.3041878365887459,1
CRISPR.RT112,ScreenBEAM,NUP98,0.17205631152591758,1
CRISPR.RT112,ScreenBEAM,COPS2,0.3234257779912828,1
CRISPR.RT112,ScreenBEAM,RPL30,0.36470488322948513,1
CRISPR.RT112,ScreenBEAM,RPS27,0.2522568763989168,1
CRISPR.RT112,ScreenBEAM,PSMD1,0.22169965979568174,1
CRISPR.RT112,ScreenBEAM,RPL27,0.41636532968850826,1
CRISPR.RT112,ScreenBEAM,COPS8,0.19830842953439237,1
CRISPR.RT112,ScreenBEAM,RPS24,0.23593104226788272,1
CRISPR.RT112,ScreenBEAM,RPS7,0.232547646572405,1
CRISPR.RT112,ScreenBEAM,IL1F10,0.043754254538801884,0
CRISPR.RT112,ScreenBEAM,LYZL6,0.0626773026606331,0
CRISPR.RT112,ScreenBEAM,MRGPRD,0.05050775307948212,0
CRISPR.RT112,ScreenBEAM,DMRTC2,0.04244578849376527,0
CRISPR.RT112,ScreenBEAM,DMRTB1,0.0497351578864172,0
CRISPR.RT112,ScreenBEAM,KRT25,0.05545424878613411,0
CRISPR.RT112,ScreenBEAM,HTR3D,0.04817374132493551,0
CRISPR.RT112,ScreenBEAM,PIWIL3,0.04435784872807372,0
CRISPR.RT112,ScreenBEAM,OC90,0.05998401291365067,0
CRISPR.RT112,ScreenBEAM,OR9Q2,0.04779441419807746,0
CRISPR.RT112,ScreenBEAM,TPH2,0.047932820736029426,0
CRISPR.RT112,ScreenBEAM,KRT74,0.04961395975518217,0
CRISPR.RT112,ScreenBEAM,RNASE9,0.04881570500890602,0
CRISPR.RT112,ScreenBEAM,RPTN,0.05151462864953446,0
CRISPR.RT112,ScreenBEAM,FCRL4,0.04373216672076813,0
CRISPR.RT112,ScreenBEAM,KRT9,0.04147420068631184,0
CRISPR.RT112,ScreenBEAM,CRYGB,0.054316308872289464,0
CRISPR.RT112,ScreenBEAM,OTUD6A,0.0661520765698703,0
CRISPR.RT112,ScreenBEAM,CYP7A1,0.05093010116525392,0
CRISPR.RT112,ScreenBEAM,IL22,0.05972080968403324,0
CRISPR.RT112,ScreenBEAM,LUZP4,0.04616790480996726,0
CRISPR.RT112,ScreenBEAM,SPATA16,0.06126567433351152,0
CRISPR.RT112,ScreenBEAM,NPHS2,0.05394000734071566,0
CRISPR.RT112,ScreenBEAM,ABCG8,0.03632983553298813,0
CRISPR.RT112,ScreenBEAM,RXFP2,0.05037804019145165,0
CRISPR.RT112,ScreenBEAM,NPSR1,0.050559154580566715,0
CRISPR.RT112,ScreenBEAM,CABP5,0.04778550513906507,0
CRISPR.RT112,ScreenBEAM,OLIG2,0.05407225639202503,0
CRISPR.RT112,ScreenBEAM,OR12D2,0.03898027195294722,0
CRISPR.RT112,ScreenBEAM,TAS2R13,0.0389882303038253,0
CRISPR.RT112,ScreenBEAM,LHX5,0.050171138280346785,0
CRISPR.RT112,ScreenBEAM,KRT77,0.03647115926297078,0
CRISPR.RT112,ScreenBEAM,TRIM42,0.05142637295248816,0
CRISPR.RT112,ScreenBEAM,PLA2G2E,0.034465567728847214,0
CRISPR.RT112,ScreenBEAM,ADH7,0.051350499779440124,0
CRISPR.RT112,ScreenBEAM,TAAR8,0.03796221395053021,0
CRISPR.RT112,ScreenBEAM,SAGE1,0.043098803793790864,0
CRISPR.RT112,ScreenBEAM,VN1R2,0.03829490670373977,0
CRISPR.RT112,ScreenBEAM,TGM6,0.0316536074881496,0
CRISPR.RT112,ScreenBEAM,TAS2R9,0.039814986912738805,0
CRISPR.RT112,ScreenBEAM,MAGEB3,0.05237450977099175,0
CRISPR.RT112,ScreenBEAM,DEFB129,0.0453127592470897,0
CRISPR.RT112,ScreenBEAM,FAM71B,0.05394330255560072,0
CRISPR.RT112,ScreenBEAM,TAAR1,0.038200586502233465,0
CRISPR.RT112,ScreenBEAM,POU4F2,0.04556611213623724,0
CRISPR.RT112,ScreenBEAM,NLRP5,0.05005916668222683,0
CRISPR.RT112,ScreenBEAM,OR52E8,0.03182413073838944,0
CRISPR.RT112,sgRSEA,OR52E8,0,0
CRISPR.RT112,sgRSEA,FAM71B,0,0
CRISPR.RT112,sgRSEA,NLRP5,0,0
CRISPR.RT112,sgRSEA,DEFB129,0,0
CRISPR.RT112,sgRSEA,PLA2G2E,0,0
CRISPR.RT112,sgRSEA,MAGEB3,0,0
CRISPR.RT112,sgRSEA,TAAR1,0,0
CRISPR.RT112,sgRSEA,TRIM42,0,0
CRISPR.RT112,sgRSEA,VN1R2,0,0
CRISPR.RT112,sgRSEA,TAS2R9,3.5829451809388235e-4,0
CRISPR.RT112,sgRSEA,SAGE1,3.5829451809388235e-4,0
CRISPR.RT112,sgRSEA,TAAR8,3.5829451809388235e-4,0
CRISPR.RT112,sgRSEA,IL22,3.5829451809388235e-4,0
CRISPR.RT112,sgRSEA,KRT77,0.001074883554281647,0
CRISPR.RT112,sgRSEA,CABP5,0.0014331780723755294,0
CRISPR.RT112,sgRSEA,TGM6,0.0014331780723755294,0
CRISPR.RT112,sgRSEA,POU4F2,0.0014331780723755294,0
CRISPR.RT112,sgRSEA,NPHS2,0.0014331780723755294,0
CRISPR.RT112,sgRSEA,RXFP2,0.0017914725904694118,0
CRISPR.RT112,sgRSEA,ABCG8,0.0017914725904694118,0
CRISPR.RT112,sgRSEA,NPSR1,0.0017914725904694118,0
CRISPR.RT112,sgRSEA,CRYGB,0.0017914725904694118,0
CRISPR.RT112,sgRSEA,TAS2R13,0.0017914725904694118,0
CRISPR.RT112,sgRSEA,CYP7A1,0.002149767108563294,0
CRISPR.RT112,sgRSEA,LHX5,0.00322465066284483,0
CRISPR.RT112,sgRSEA,ADH7,0.00322465066284483,0
CRISPR.RT112,sgRSEA,LUZP4,0.00322465066284483,0
CRISPR.RT112,sgRSEA,OR12D2,0.0035829451809387125,0
CRISPR.RT112,sgRSEA,OLIG2,0.0035829451809387125,0
CRISPR.RT112,sgRSEA,SPATA16,0.0035829451809387125,0
CRISPR.RT112,sgRSEA,RPTN,0.0046578287352203596,0
CRISPR.RT112,sgRSEA,KRT74,0.0046578287352203596,0
CRISPR.RT112,sgRSEA,RNASE9,0.005732712289502007,0
CRISPR.RT112,sgRSEA,KRT9,0.008240773916159072,0
CRISPR.RT112,sgRSEA,OTUD6A,0.010032246506628484,0
CRISPR.RT112,sgRSEA,FCRL4,0.015048369759942726,0
CRISPR.RT112,sgRSEA,PIWIL3,0.023289143676101798,0
CRISPR.RT112,sgRSEA,TPH2,0.03009673951988534,0
CRISPR.RT112,sgRSEA,KRT25,0.03152991759226087,0
CRISPR.RT112,sgRSEA,DMRTC2,0.03332139018273017,0
CRISPR.RT112,sgRSEA,HTR3D,0.03439627373701182,0
CRISPR.RT112,sgRSEA,OR9Q2,0.0347545682551057,0
CRISPR.RT112,sgRSEA,DMRTB1,0.03941239699032606,0
CRISPR.RT112,sgRSEA,OC90,0.14152633464707987,0
CRISPR.RT112,sgRSEA,MRGPRD,0.14976710856323894,0
CRISPR.RT112,sgRSEA,LYZL6,0.1583661769974919,0
CRISPR.RT112,sgRSEA,RPS7,0.2160515944106055,1
CRISPR.RT112,sgRSEA,IL1F10,0.2164098889286994,0
CRISPR.RT112,sgRSEA,COPS8,0.25008957362952344,1
CRISPR.RT112,sgRSEA,RPS24,0.3629523468290935,1
CRISPR.RT112,sgRSEA,RPL27,0.6968828376925833,1
CRISPR.RT112,sgRSEA,PSMD1,0.8384091723396632,1
CRISPR.RT112,sgRSEA,COPS2,0.8591902543891079,1
CRISPR.RT112,sgRSEA,RPS27,0.8681476173414546,1
CRISPR.RT112,sgRSEA,RPL3,0.8778215693299892,1
CRISPR.RT112,sgRSEA,RPL30,0.884270870655679,1
CRISPR.RT112,sgRSEA,COPZ1,0.9591544249372984,1
CRISPR.RT112,sgRSEA,PSMA3,0.9777857398781798,1
CRISPR.RT112,sgRSEA,NUP98,0.9781440343962737,1
CRISPR.RT112,sgRSEA,COPS6,0.9817269795772124,1
CRISPR.RT112,sgRSEA,PSMB3,0.9820852740953063,1
CRISPR.RT112,sgRSEA,NUP54,0.9838767466857757,1
CRISPR.RT112,sgRSEA,NUP205,0.9860265137943389,1
CRISPR.RT112,sgRSEA,POLA1,0.9917592260838409,1
CRISPR.RT112,sgRSEA,RPL5,0.9928341096381226,1
CRISPR.RT112,sgRSEA,NUP133,0.9935506986743102,1
CRISPR.RT112,sgRSEA,RPL9,0.9939089931924041,1
CRISPR.RT112,sgRSEA,RPL6,0.9992834109638122,1
CRISPR.RT112,sgRSEA,RPS11,0.9992834109638122,1
CRISPR.RT112,sgRSEA,PSMC2,0.9996417054819061,1
CRISPR.RT112,sgRSEA,RPS9,0.9996417054819061,1
CRISPR.RT112,sgRSEA,POLR2F,0.9996417054819061,1
CRISPR.RT112,sgRSEA,PSMC4,0.9996417054819061,1
CRISPR.RT112,sgRSEA,COPA,0.9996417054819061,1
CRISPR.RT112,sgRSEA,PSMD7,0.9996417054819061,1
CRISPR.RT112,sgRSEA,RPL34,0.9996417054819061,1
CRISPR.RT112,sgRSEA,RPL36,0.9996417054819061,1
CRISPR.RT112,sgRSEA,POLR2A,0.9996417054819061,1
CRISPR.RT112,sgRSEA,RPL35A,0.9996417054819061,1
CRISPR.RT112,sgRSEA,RPS8,0.9996417054819061,1
CRISPR.RT112,sgRSEA,PSMD11,0.9996417054819061,1
CRISPR.RT112,sgRSEA,PSMC1,0.9996417054819061,1
CRISPR.RT112,sgRSEA,COPS4,0.9996417054819061,1
CRISPR.RT112,sgRSEA,POLR2D,0.9996417054819061,1
CRISPR.RT112,sgRSEA,COPB1,0.9996417054819061,1
CRISPR.RT112,sgRSEA,RPS3A,0.9996417054819061,1
CRISPR.RT112,sgRSEA,RPL18A,0.9996417054819061,1
CRISPR.RT112,sgRSEA,PSMD6,0.9996417054819061,1
CRISPR.RT112,sgRSEA,PSMB2,0.9996417054819061,1
CRISPR.RT112,sgRSEA,NUP93,0.9996417054819061,1
CRISPR.RT112,sgRSEA,RPL11,0.9996417054819061,1
CRISPR.RT112,sgRSEA,RPS19,0.9996417054819061,1
CRISPR.RT112,sgRSEA,RPS13,0.9996417054819061,1
CRISPR.UMUC3,CC2,RPS19,1,1
CRISPR.UMUC3,CC2,NUP93,1,1
CRISPR.UMUC3,CC2,PSMD11,1,1
CRISPR.UMUC3,CC2,RPS3A,0.9999999803467337,1
CRISPR.UMUC3,CC2,PSMB3,0.9999999055645262,1
CRISPR.UMUC3,CC2,POLR2A,0.9999999999998593,1
CRISPR.UMUC3,CC2,RPS8,1,1
CRISPR.UMUC3,CC2,RPL36,1,1
CRISPR.UMUC3,CC2,RPS13,1,1
CRISPR.UMUC3,CC2,RPS11,0.9999999961950953,1
CRISPR.UMUC3,CC2,PSMC1,1,1
CRISPR.UMUC3,CC2,RPS9,0.9999999999999967,1
CRISPR.UMUC3,CC2,COPB1,1,1
CRISPR.UMUC3,CC2,RPL5,0.9999999998532416,1
CRISPR.UMUC3,CC2,RPL11,1,1
CRISPR.UMUC3,CC2,PSMB2,1,1
CRISPR.UMUC3,CC2,COPZ1,0.9999999999999951,1
CRISPR.UMUC3,CC2,PSMD6,1,1
CRISPR.UMUC3,CC2,COPA,1,1
CRISPR.UMUC3,CC2,RPL18A,1,1
CRISPR.UMUC3,CC2,POLR2F,0.9999999999999996,1
CRISPR.UMUC3,CC2,POLR2D,1,1
CRISPR.UMUC3,CC2,PSMA3,0.9999999999990842,1
CRISPR.UMUC3,CC2,RPL34,0.9999999999999964,1
CRISPR.UMUC3,CC2,RPS24,0.9880428847129555,1
CRISPR.UMUC3,CC2,PSMC4,1,1
CRISPR.UMUC3,CC2,RPL27,0.9999994181209073,1
CRISPR.UMUC3,CC2,RPL9,1,1
CRISPR.UMUC3,CC2,PSMC2,1,1
CRISPR.UMUC3,CC2,NUP54,0.9999999999999776,1
CRISPR.UMUC3,CC2,COPS4,1,1
CRISPR.UMUC3,CC2,NUP133,0.9999999999999939,1
CRISPR.UMUC3,CC2,RPL35A,0.9999999999999878,1
CRISPR.UMUC3,CC2,RPL3,0.9999999995370258,1
CRISPR.UMUC3,CC2,RPL30,0.9999999999767686,1
CRISPR.UMUC3,CC2,POLA1,0.9999999987756875,1
CRISPR.UMUC3,CC2,NUP98,0.9999999999984501,1
CRISPR.UMUC3,CC2,COPS2,1,1
CRISPR.UMUC3,CC2,RPL6,0.9986101298641905,1
CRISPR.UMUC3,CC2,PSMD7,1,1
CRISPR.UMUC3,CC2,COPS8,0.9999999977714575,1
CRISPR.UMUC3,CC2,COPS6,0.9999999999999801,1
CRISPR.UMUC3,CC2,NUP205,0.999999999999887,1
CRISPR.UMUC3,CC2,PSMD1,0.9999999999998548,1
CRISPR.UMUC3,CC2,RPS7,0.9971275786210612,1
CRISPR.UMUC3,CC2,RPS27,0.9999853132670066,1
CRISPR.UMUC3,CC2,LYZL6,0.6195267454085027,0
CRISPR.UMUC3,CC2,CRYGB,3.566820838685203e-9,0
CRISPR.UMUC3,CC2,MRGPRD,0.2066889663600877,0
CRISPR.UMUC3,CC2,IL1F10,6.1432350663293e-4,0
CRISPR.UMUC3,CC2,OTUD6A,1.590375608984118e-10,0
CRISPR.UMUC3,CC2,KRT25,0.37712753770355434,0
CRISPR.UMUC3,CC2,PIWIL3,0.0035566385829771674,0
CRISPR.UMUC3,CC2,TPH2,0.0657195656990277,0
CRISPR.UMUC3,CC2,RNASE9,0.0011214561008751067,0
CRISPR.UMUC3,CC2,NPSR1,1.2212453270876722e-15,0
CRISPR.UMUC3,CC2,DMRTB1,2.8103520621769462e-9,0
CRISPR.UMUC3,CC2,RPTN,0.016456459894508058,0
CRISPR.UMUC3,CC2,HTR3D,1.3766765505351941e-14,0
CRISPR.UMUC3,CC2,DMRTC2,1.1855565751339725e-8,0
CRISPR.UMUC3,CC2,OLIG2,0,0
CRISPR.UMUC3,CC2,IL22,0.0010063955358022847,0
CRISPR.UMUC3,CC2,OR9Q2,0.0036348237040858544,0
CRISPR.UMUC3,CC2,RXFP2,5.931921620572211e-13,0
CRISPR.UMUC3,CC2,LUZP4,0,0
CRISPR.UMUC3,CC2,KRT74,2.1125286475687233e-7,0
CRISPR.UMUC3,CC2,OC90,1.7577828081982716e-11,0
CRISPR.UMUC3,CC2,NPHS2,3.492259592619007e-9,0
CRISPR.UMUC3,CC2,FCRL4,8.90601908005273e-4,0
CRISPR.UMUC3,CC2,LHX5,2.6741634795435232e-8,0
CRISPR.UMUC3,CC2,FAM71B,1.1024936519277162e-10,0
CRISPR.UMUC3,CC2,CYP7A1,1.2526757409148104e-11,0
CRISPR.UMUC3,CC2,SAGE1,1.1102230246251565e-16,0
CRISPR.UMUC3,CC2,SPATA16,0,0
CRISPR.UMUC3,CC2,TAAR8,7.681891158184406e-6,0
CRISPR.UMUC3,CC2,CABP5,5.551115123125783e-16,0
CRISPR.UMUC3,CC2,ADH7,1.859597211555375e-4,0
CRISPR.UMUC3,CC2,TGM6,0,0
CRISPR.UMUC3,CC2,TRIM42,0,0
CRISPR.UMUC3,CC2,KRT9,6.630744851865433e-5,0
CRISPR.UMUC3,CC2,TAS2R13,5.359862509379809e-8,0
CRISPR.UMUC3,CC2,NLRP5,3.7192471324942744e-14,0
CRISPR.UMUC3,CC2,MAGEB3,8.201650469885635e-11,0
CRISPR.UMUC3,CC2,VN1R2,4.440892098500626e-16,0
CRISPR.UMUC3,CC2,ABCG8,0,0
CRISPR.UMUC3,CC2,OR12D2,1.6497914145929826e-13,0
CRISPR.UMUC3,CC2,POU4F2,1.3421274869251931e-8,0
CRISPR.UMUC3,CC2,DEFB129,1.134425886561985e-12,0
CRISPR.UMUC3,CC2,KRT77,1.300430430006827e-8,0
CRISPR.UMUC3,CC2,PLA2G2E,7.034987828946626e-7,0
CRISPR.UMUC3,CC2,TAAR1,1.9539925233402755e-14,0
CRISPR.UMUC3,CC2,TAS2R9,0,0
CRISPR.UMUC3,CC2,OR52E8,0,0
CRISPR.UMUC3,HitSelect,PSMB2,1.84485,1
CRISPR.UMUC3,HitSelect,RPL11,1.77653,1
CRISPR.UMUC3,HitSelect,NUP93,1.69326,1
CRISPR.UMUC3,HitSelect,COPB1,1.47205,1
CRISPR.UMUC3,HitSelect,PSMD7,1.4123000000000001,1
CRISPR.UMUC3,HitSelect,RPS19,1.47781,1
CRISPR.UMUC3,HitSelect,RPS9,1.78834,1
CRISPR.UMUC3,HitSelect,COPA,1.46822,1
CRISPR.UMUC3,HitSelect,RPL36,1.55606,1
CRISPR.UMUC3,HitSelect,RPL9,1.62806,1
CRISPR.UMUC3,HitSelect,RPS13,1.31275,1
CRISPR.UMUC3,HitSelect,RPS8,1.4638,1
CRISPR.UMUC3,HitSelect,RPL35A,1.79969,1
CRISPR.UMUC3,HitSelect,POLR2D,1.39217,1
CRISPR.UMUC3,HitSelect,PSMD11,1.18186,1
CRISPR.UMUC3,HitSelect,PSMD6,0.881882,1
CRISPR.UMUC3,HitSelect,COPS4,1.21765,1
CRISPR.UMUC3,HitSelect,RPL18A,1.20268,1
CRISPR.UMUC3,HitSelect,POLR2A,1.19821,1
CRISPR.UMUC3,HitSelect,PSMA3,1.107,1
CRISPR.UMUC3,HitSelect,RPL34,1.26681,1
CRISPR.UMUC3,HitSelect,COPZ1,0.955671,1
CRISPR.UMUC3,HitSelect,PSMB3,1.30148,1
CRISPR.UMUC3,HitSelect,PSMC1,1.07901,1
CRISPR.UMUC3,HitSelect,RPL5,1.24941,1
CRISPR.UMUC3,HitSelect,RPS11,1.13424,1
CRISPR.UMUC3,HitSelect,PSMC4,0.891813,1
CRISPR.UMUC3,HitSelect,RPL30,1.15872,1
CRISPR.UMUC3,HitSelect,PSMC2,0.719905,1
CRISPR.UMUC3,HitSelect,POLA1,0.995519,1
CRISPR.UMUC3,HitSelect,COPS2,0.993061,1
CRISPR.UMUC3,HitSelect,NUP205,0.892136,1
CRISPR.UMUC3,HitSelect,NUP133,0.945913,1
CRISPR.UMUC3,HitSelect,NUP54,0.778598,1
CRISPR.UMUC3,HitSelect,COPS8,0.739108,1
CRISPR.UMUC3,HitSelect,RPL27,1.08923,1
CRISPR.UMUC3,HitSelect,POLR2F,0.773069,1
CRISPR.UMUC3,HitSelect,PSMD1,0.770107,1
CRISPR.UMUC3,HitSelect,NUP98,0.48115,1
CRISPR.UMUC3,HitSelect,RPL3,0.435437,1
CRISPR.UMUC3,HitSelect,COPS6,0.603302,1
CRISPR.UMUC3,HitSelect,RPS3A,0.462101,1
CRISPR.UMUC3,HitSelect,RPS24,0.851935,1
CRISPR.UMUC3,HitSelect,RPL6,0.83045,1
CRISPR.UMUC3,HitSelect,RPS7,0.435667,1
CRISPR.UMUC3,HitSelect,RPS27,0.239131,1
CRISPR.UMUC3,HitSelect,LYZL6,0.0826661,0
CRISPR.UMUC3,HitSelect,MRGPRD,0.092473,0
CRISPR.UMUC3,HitSelect,KRT25,0.170908,0
CRISPR.UMUC3,HitSelect,TPH2,0.0610026,0
CRISPR.UMUC3,HitSelect,FCRL4,0.302664,0
CRISPR.UMUC3,HitSelect,PIWIL3,0.121271,0
CRISPR.UMUC3,HitSelect,RPTN,0.272882,0
CRISPR.UMUC3,HitSelect,RNASE9,0.0435899,0
CRISPR.UMUC3,HitSelect,IL1F10,0.0891495,0
CRISPR.UMUC3,HitSelect,KRT9,0.0481006,0
CRISPR.UMUC3,HitSelect,ADH7,0.0956609,0
CRISPR.UMUC3,HitSelect,OR9Q2,0.0353477,0
CRISPR.UMUC3,HitSelect,DMRTC2,0.0326956,0
CRISPR.UMUC3,HitSelect,FAM71B,0.0311445,0
CRISPR.UMUC3,HitSelect,IL22,0.0235606,0
CRISPR.UMUC3,HitSelect,PLA2G2E,0.021231,0
CRISPR.UMUC3,HitSelect,CRYGB,0.0199678,0
CRISPR.UMUC3,HitSelect,NPHS2,0.0105073,0
CRISPR.UMUC3,HitSelect,MAGEB3,0.00640202,0
CRISPR.UMUC3,HitSelect,POU4F2,0.00230494,0
CRISPR.UMUC3,HitSelect,KRT74,-0.135415,0
CRISPR.UMUC3,HitSelect,KRT77,-0.185435,0
CRISPR.UMUC3,HitSelect,CABP5,-0.233559,0
CRISPR.UMUC3,HitSelect,DMRTB1,-0.240142,0
CRISPR.UMUC3,HitSelect,LHX5,-0.250216,0
CRISPR.UMUC3,HitSelect,TAS2R13,-0.259574,0
CRISPR.UMUC3,HitSelect,CYP7A1,-0.281808,0
CRISPR.UMUC3,HitSelect,RXFP2,-0.286602,0
CRISPR.UMUC3,HitSelect,OTUD6A,-0.289006,0
CRISPR.UMUC3,HitSelect,TAAR8,-0.313481,0
CRISPR.UMUC3,HitSelect,TGM6,-0.314798,0
CRISPR.UMUC3,HitSelect,OC90,-0.320617,0
CRISPR.UMUC3,HitSelect,OR12D2,-0.327841,0
CRISPR.UMUC3,HitSelect,TAAR1,-0.331262,0
CRISPR.UMUC3,HitSelect,VN1R2,-0.337018,0
CRISPR.UMUC3,HitSelect,SAGE1,-0.337553,0
CRISPR.UMUC3,HitSelect,NPSR1,-0.342558,0
CRISPR.UMUC3,HitSelect,DEFB129,-0.346126,0
CRISPR.UMUC3,HitSelect,LUZP4,-0.347609,0
CRISPR.UMUC3,HitSelect,OR52E8,-0.35717,0
CRISPR.UMUC3,HitSelect,NLRP5,-0.369582,0
CRISPR.UMUC3,HitSelect,SPATA16,-0.374763,0
CRISPR.UMUC3,HitSelect,ABCG8,-0.38342,0
CRISPR.UMUC3,HitSelect,HTR3D,-0.387153,0
CRISPR.UMUC3,HitSelect,OLIG2,-0.393822,0
CRISPR.UMUC3,HitSelect,TAS2R9,-0.424229,0
CRISPR.UMUC3,HitSelect,TRIM42,-0.442617,0
CRISPR.UMUC3,MAGeCK,PSMB2,0.99999963475,1
CRISPR.UMUC3,MAGeCK,PSMD6,0.99999940831,1
CRISPR.UMUC3,MAGeCK,RPS13,0.9999913556,1
CRISPR.UMUC3,MAGeCK,PSMD7,0.999987196,1
CRISPR.UMUC3,MAGeCK,RPL18A,0.999974242,1
CRISPR.UMUC3,MAGeCK,PSMD11,0.999964952,1
CRISPR.UMUC3,MAGeCK,NUP93,0.999959335,1
CRISPR.UMUC3,MAGeCK,RPL11,0.999949507,1
CRISPR.UMUC3,MAGeCK,COPB1,0.999924809,1
CRISPR.UMUC3,MAGeCK,COPA,0.999911364,1
CRISPR.UMUC3,MAGeCK,COPS4,0.999908884,1
CRISPR.UMUC3,MAGeCK,RPS19,0.99984196,1
CRISPR.UMUC3,MAGeCK,POLR2D,0.99974918,1
CRISPR.UMUC3,MAGeCK,PSMC4,0.99973652,1
CRISPR.UMUC3,MAGeCK,RPL3,0.99964963,1
CRISPR.UMUC3,MAGeCK,NUP54,0.9981787,1
CRISPR.UMUC3,MAGeCK,RPS8,0.9981655,1
CRISPR.UMUC3,MAGeCK,RPL35A,0.9980917,1
CRISPR.UMUC3,MAGeCK,PSMC1,0.9974255,1
CRISPR.UMUC3,MAGeCK,RPL36,0.997315,1
CRISPR.UMUC3,MAGeCK,PSMC2,0.9970125,1
CRISPR.UMUC3,MAGeCK,PSMA3,0.9964355,1
CRISPR.UMUC3,MAGeCK,RPL9,0.9960986,1
CRISPR.UMUC3,MAGeCK,RPS11,0.9946227,1
CRISPR.UMUC3,MAGeCK,POLR2F,0.9939712,1
CRISPR.UMUC3,MAGeCK,POLR2A,0.9938015,1
CRISPR.UMUC3,MAGeCK,RPS9,0.9931456,1
CRISPR.UMUC3,MAGeCK,RPS3A,0.9930809,1
CRISPR.UMUC3,MAGeCK,COPS6,0.9918244,1
CRISPR.UMUC3,MAGeCK,RPL34,0.9914098,1
CRISPR.UMUC3,MAGeCK,NUP205,0.9828479999999999,1
CRISPR.UMUC3,MAGeCK,NUP98,0.979448,1
CRISPR.UMUC3,MAGeCK,PSMB3,0.97823,1
CRISPR.UMUC3,MAGeCK,PSMD1,0.975699,1
CRISPR.UMUC3,MAGeCK,COPS2,0.96385,1
CRISPR.UMUC3,MAGeCK,COPZ1,0.962234,1
CRISPR.UMUC3,MAGeCK,POLA1,0.942612,1
CRISPR.UMUC3,MAGeCK,RPS27,0.932739,1
CRISPR.UMUC3,MAGeCK,NUP133,0.931482,1
CRISPR.UMUC3,MAGeCK,RPL6,0.923672,1
CRISPR.UMUC3,MAGeCK,RPL5,0.91845,1
CRISPR.UMUC3,MAGeCK,RPL30,0.908792,1
CRISPR.UMUC3,MAGeCK,COPS8,0.8193699999999999,1
CRISPR.UMUC3,MAGeCK,LYZL6,0.77259,0
CRISPR.UMUC3,MAGeCK,RPS24,0.70183,1
CRISPR.UMUC3,MAGeCK,RPL27,0.67686,1
CRISPR.UMUC3,MAGeCK,RPS7,0.38839999999999997,1
CRISPR.UMUC3,MAGeCK,MRGPRD,0.38463,0
CRISPR.UMUC3,MAGeCK,TPH2,0.34119,0
CRISPR.UMUC3,MAGeCK,KRT25,0.32884,0
CRISPR.UMUC3,MAGeCK,KRT9,0.13158000000000003,0
CRISPR.UMUC3,MAGeCK,PIWIL3,0.10782999999999998,0
CRISPR.UMUC3,MAGeCK,IL22,0.10301000000000005,0
CRISPR.UMUC3,MAGeCK,IL1F10,0.09950000000000003,0
CRISPR.UMUC3,MAGeCK,KRT74,0.09721000000000002,0
CRISPR.UMUC3,MAGeCK,RNASE9,0.08348999999999995,0
CRISPR.UMUC3,MAGeCK,FCRL4,0.03763000000000005,0
CRISPR.UMUC3,MAGeCK,PLA2G2E,0.03264,0
CRISPR.UMUC3,MAGeCK,ADH7,0.027000000000000024,0
CRISPR.UMUC3,MAGeCK,DMRTC2,0.02359,0
CRISPR.UMUC3,MAGeCK,TAS2R13,0.02153000000000005,0
CRISPR.UMUC3,MAGeCK,RPTN,0.013009999999999966,0
CRISPR.UMUC3,MAGeCK,DMRTB1,0.008349999999999969,0
CRISPR.UMUC3,MAGeCK,TAAR8,0.00821000000000005,0
CRISPR.UMUC3,MAGeCK,OR9Q2,0.007539999999999991,0
CRISPR.UMUC3,MAGeCK,POU4F2,0.005530000000000035,0
CRISPR.UMUC3,MAGeCK,CRYGB,0.004469999999999974,0
CRISPR.UMUC3,MAGeCK,NPHS2,0.0042400000000000215,0
CRISPR.UMUC3,MAGeCK,FAM71B,0.0038000000000000256,0
CRISPR.UMUC3,MAGeCK,MAGEB3,0.003349999999999964,0
CRISPR.UMUC3,MAGeCK,LHX5,0.0029400000000000537,0
CRISPR.UMUC3,MAGeCK,KRT77,0.002829999999999999,0
CRISPR.UMUC3,MAGeCK,CYP7A1,0.0022100000000000453,0
CRISPR.UMUC3,MAGeCK,OTUD6A,0.0020499999999999963,0
CRISPR.UMUC3,MAGeCK,CABP5,0.0019299999999999873,0
CRISPR.UMUC3,MAGeCK,OC90,0.0017899999999999583,0
CRISPR.UMUC3,MAGeCK,TAAR1,0.0013600000000000279,0
CRISPR.UMUC3,MAGeCK,VN1R2,0.0012799999999999478,0
CRISPR.UMUC3,MAGeCK,LUZP4,0.0010000000000000009,0
CRISPR.UMUC3,MAGeCK,NPSR1,7.700000000000484e-4,0
CRISPR.UMUC3,MAGeCK,NLRP5,4.4999999999995044e-4,0
CRISPR.UMUC3,MAGeCK,OR12D2,4.3999999999999595e-4,0
CRISPR.UMUC3,MAGeCK,RXFP2,3.9999999999995595e-4,0
CRISPR.UMUC3,MAGeCK,SAGE1,3.9000000000000146e-4,0
CRISPR.UMUC3,MAGeCK,OLIG2,2.1999999999999797e-4,0
CRISPR.UMUC3,MAGeCK,TGM6,1.4999999999998348e-4,0
CRISPR.UMUC3,MAGeCK,SPATA16,7.999999999996898e-5,0
CRISPR.UMUC3,MAGeCK,DEFB129,5.999999999994898e-5,0
CRISPR.UMUC3,MAGeCK,HTR3D,9.99999999995449e-6,0
CRISPR.UMUC3,MAGeCK,ABCG8,0,0
CRISPR.UMUC3,MAGeCK,OR52E8,0,0
CRISPR.UMUC3,MAGeCK,TAS2R9,0,0
CRISPR.UMUC3,MAGeCK,TRIM42,0,0
CRISPR.UMUC3,PBNPA,ABCG8,2.8493755602765347e-6,0
CRISPR.UMUC3,PBNPA,ADH7,0.05197246473950967,0
CRISPR.UMUC3,PBNPA,CABP5,0.013347734492899166,0
CRISPR.UMUC3,PBNPA,COPA,0.9999981183786012,1
CRISPR.UMUC3,PBNPA,COPB1,0.9999938689962327,1
CRISPR.UMUC3,PBNPA,COPS2,0.9980991212377842,1
CRISPR.UMUC3,PBNPA,COPS4,0.9998505309775293,1
CRISPR.UMUC3,PBNPA,COPS6,0.9814558541096737,1
CRISPR.UMUC3,PBNPA,COPS8,0.6168441171163946,1
CRISPR.UMUC3,PBNPA,COPZ1,0.8892638047422629,1
CRISPR.UMUC3,PBNPA,CRYGB,1.2517755550878196e-4,0
CRISPR.UMUC3,PBNPA,CYP7A1,0.0030882257422854,0
CRISPR.UMUC3,PBNPA,DEFB129,1.3859505209468104e-4,0
CRISPR.UMUC3,PBNPA,DMRTB1,0.01222561831092328,0
CRISPR.UMUC3,PBNPA,DMRTC2,0.1743241074925197,0
CRISPR.UMUC3,PBNPA,FAM71B,7.094842324750772e-8,0
CRISPR.UMUC3,PBNPA,FCRL4,0.06811227872075798,0
CRISPR.UMUC3,PBNPA,HTR3D,4.872113337928141e-5,0
CRISPR.UMUC3,PBNPA,IL1F10,0.1060221746770299,0
CRISPR.UMUC3,PBNPA,IL22,0.22952613605224303,0
CRISPR.UMUC3,PBNPA,KRT25,0.3937701518608069,0
CRISPR.UMUC3,PBNPA,KRT74,0.2306955076672591,0
CRISPR.UMUC3,PBNPA,KRT77,0.1397079617252852,0
CRISPR.UMUC3,PBNPA,KRT9,0.21596498732367408,0
CRISPR.UMUC3,PBNPA,LHX5,0.03357199667429689,0
CRISPR.UMUC3,PBNPA,LUZP4,5.575261186607783e-6,0
CRISPR.UMUC3,PBNPA,LYZL6,0.6146323939087681,0
CRISPR.UMUC3,PBNPA,MAGEB3,3.0616733079169567e-4,0
CRISPR.UMUC3,PBNPA,MRGPRD,0.31879770479940905,0
CRISPR.UMUC3,PBNPA,NLRP5,1.3242670952262614e-5,0
CRISPR.UMUC3,PBNPA,NPHS2,0.051011207466959085,0
CRISPR.UMUC3,PBNPA,NPSR1,6.507698102375947e-5,0
CRISPR.UMUC3,PBNPA,NUP133,0.9889620219794751,1
CRISPR.UMUC3,PBNPA,NUP205,0.9878038509035647,1
CRISPR.UMUC3,PBNPA,NUP54,0.9695910158444605,1
CRISPR.UMUC3,PBNPA,NUP93,0.9999977015553693,1
CRISPR.UMUC3,PBNPA,NUP98,0.9240968731362197,1
CRISPR.UMUC3,PBNPA,OC90,0.00699360695849105,0
CRISPR.UMUC3,PBNPA,OLIG2,2.8882589842016415e-6,0
CRISPR.UMUC3,PBNPA,OR12D2,0.002536871140251473,0
CRISPR.UMUC3,PBNPA,OR52E8,8.46143825228296e-7,0
CRISPR.UMUC3,PBNPA,OR9Q2,0.007552684708511115,0
CRISPR.UMUC3,PBNPA,OTUD6A,0.0047573535794417365,0
CRISPR.UMUC3,PBNPA,PIWIL3,0.04186911550386052,0
CRISPR.UMUC3,PBNPA,PLA2G2E,0.011302551762145563,0
CRISPR.UMUC3,PBNPA,POLA1,0.9613925526919948,1
CRISPR.UMUC3,PBNPA,POLR2A,0.9941869293404227,1
CRISPR.UMUC3,PBNPA,POLR2D,0.9999675069173363,1
CRISPR.UMUC3,PBNPA,POLR2F,0.9883327211790909,1
CRISPR.UMUC3,PBNPA,POU4F2,3.108824162711965e-5,0
CRISPR.UMUC3,PBNPA,PSMA3,0.9935466140110876,1
CRISPR.UMUC3,PBNPA,PSMB2,1,1
CRISPR.UMUC3,PBNPA,PSMB3,0.7987755001173312,1
CRISPR.UMUC3,PBNPA,PSMC1,0.998490922319066,1
CRISPR.UMUC3,PBNPA,PSMC2,0.9940990358134817,1
CRISPR.UMUC3,PBNPA,PSMC4,0.9887259755111724,1
CRISPR.UMUC3,PBNPA,PSMD1,0.9882440793337545,1
CRISPR.UMUC3,PBNPA,PSMD11,0.9998998379789388,1
CRISPR.UMUC3,PBNPA,PSMD6,0.998763921008506,1
CRISPR.UMUC3,PBNPA,PSMD7,0.9999981183786012,1
CRISPR.UMUC3,PBNPA,RNASE9,0.05513720851491122,0
CRISPR.UMUC3,PBNPA,RPL11,0.9999981183786012,1
CRISPR.UMUC3,PBNPA,RPL18A,0.9999483843929551,1
CRISPR.UMUC3,PBNPA,RPL27,0.41693845500277715,1
CRISPR.UMUC3,PBNPA,RPL3,0.9223072021937491,1
CRISPR.UMUC3,PBNPA,RPL30,0.9268238628076617,1
CRISPR.UMUC3,PBNPA,RPL34,0.9999821830999857,1
CRISPR.UMUC3,PBNPA,RPL35A,1,1
CRISPR.UMUC3,PBNPA,RPL36,0.9999706977916927,1
CRISPR.UMUC3,PBNPA,RPL5,0.8908837000904422,1
CRISPR.UMUC3,PBNPA,RPL6,0.9987256372309065,1
CRISPR.UMUC3,PBNPA,RPL9,0.9980936851037578,1
CRISPR.UMUC3,PBNPA,RPS11,0.9734573066859901,1
CRISPR.UMUC3,PBNPA,RPS13,0.9999972938507422,1
CRISPR.UMUC3,PBNPA,RPS19,0.9999981183786012,1
CRISPR.UMUC3,PBNPA,RPS24,0.1620658594416764,1
CRISPR.UMUC3,PBNPA,RPS27,0.9483687699925545,1
CRISPR.UMUC3,PBNPA,RPS3A,0.9640434044256287,1
CRISPR.UMUC3,PBNPA,RPS7,0.28050123390923454,1
CRISPR.UMUC3,PBNPA,RPS8,0.9999927897836687,1
CRISPR.UMUC3,PBNPA,RPS9,0.9999938689962327,1
CRISPR.UMUC3,PBNPA,RPTN,0.05943332525144407,0
CRISPR.UMUC3,PBNPA,RXFP2,5.869436480641088e-4,0
CRISPR.UMUC3,PBNPA,SAGE1,4.166964504067616e-4,0
CRISPR.UMUC3,PBNPA,SPATA16,1.931535376531457e-6,0
CRISPR.UMUC3,PBNPA,TAAR1,0.0011833435949807347,0
CRISPR.UMUC3,PBNPA,TAAR8,1.52928955783338e-5,0
CRISPR.UMUC3,PBNPA,TAS2R13,0.002875584073811388,0
CRISPR.UMUC3,PBNPA,TAS2R9,2.5904785094787997e-8,0
CRISPR.UMUC3,PBNPA,TGM6,6.816327125532817e-4,0
CRISPR.UMUC3,PBNPA,TPH2,0.10676371485865765,0
CRISPR.UMUC3,PBNPA,TRIM42,1.6576386929756382e-9,0
CRISPR.UMUC3,PBNPA,VN1R2,2.2050289465447293e-6,0
CRISPR.UMUC3,PinAPL-py,COPA,1,1
CRISPR.UMUC3,PinAPL-py,COPB1,1,1
CRISPR.UMUC3,PinAPL-py,COPS4,1,1
CRISPR.UMUC3,PinAPL-py,NUP93,1,1
CRISPR.UMUC3,PinAPL-py,POLR2D,1,1
CRISPR.UMUC3,PinAPL-py,PSMB2,1,1
CRISPR.UMUC3,PinAPL-py,PSMC2,1,1
CRISPR.UMUC3,PinAPL-py,PSMD11,1,1
CRISPR.UMUC3,PinAPL-py,PSMD6,1,1
CRISPR.UMUC3,PinAPL-py,PSMD7,1,1
CRISPR.UMUC3,PinAPL-py,RPL11,1,1
CRISPR.UMUC3,PinAPL-py,RPS13,1,1
CRISPR.UMUC3,PinAPL-py,RPS19,1,1
CRISPR.UMUC3,PinAPL-py,RPS9,1,1
CRISPR.UMUC3,PinAPL-py,NUP98,0.9999999999999996,1
CRISPR.UMUC3,PinAPL-py,RPL9,0.9999999999999996,1
CRISPR.UMUC3,PinAPL-py,RPS8,0.9999999999999996,1
CRISPR.UMUC3,PinAPL-py,PSMD1,0.9999999999999994,1
CRISPR.UMUC3,PinAPL-py,COPZ1,0.9999999999999993,1
CRISPR.UMUC3,PinAPL-py,RPL36,0.9999999999999993,1
CRISPR.UMUC3,PinAPL-py,COPS6,0.9999999999999973,1
CRISPR.UMUC3,PinAPL-py,POLR2A,0.9859617841533,1
CRISPR.UMUC3,PinAPL-py,RPL35A,0.9804016885255,1
CRISPR.UMUC3,PinAPL-py,POLR2F,0.9789137364523,1
CRISPR.UMUC3,PinAPL-py,PSMC1,0.9728575083479,1
CRISPR.UMUC3,PinAPL-py,RPL18A,0.9633930358737,1
CRISPR.UMUC3,PinAPL-py,NUP205,0.9497750571515,1
CRISPR.UMUC3,PinAPL-py,NUP54,0.9394615205915,1
CRISPR.UMUC3,PinAPL-py,RPL3,0.9297366518398,1
CRISPR.UMUC3,PinAPL-py,PSMA3,0.9045805860158,1
CRISPR.UMUC3,PinAPL-py,NUP133,0.891061075959,1
CRISPR.UMUC3,PinAPL-py,COPS8,0.850176989966,1
CRISPR.UMUC3,PinAPL-py,RPL34,0.825602063686,1
CRISPR.UMUC3,PinAPL-py,POLA1,0.814350057396,1
CRISPR.UMUC3,PinAPL-py,COPS2,0.809860918141,1
CRISPR.UMUC3,PinAPL-py,RPS11,0.761671695876,1
CRISPR.UMUC3,PinAPL-py,PSMC4,0.6398066388970001,1
CRISPR.UMUC3,PinAPL-py,RPL30,0.597658635982,1
CRISPR.UMUC3,PinAPL-py,RPL5,0.44489683610200004,1
CRISPR.UMUC3,PinAPL-py,PSMB3,0.046811636548000024,1
CRISPR.UMUC3,PinAPL-py,RPL27,0.0021327328629999753,1
CRISPR.UMUC3,PinAPL-py,RPS3A,6.651195239999463e-4,1
CRISPR.UMUC3,PinAPL-py,ABCG8,0,0
CRISPR.UMUC3,PinAPL-py,ADH7,0,0
CRISPR.UMUC3,PinAPL-py,CABP5,0,0
CRISPR.UMUC3,PinAPL-py,CRYGB,0,0
CRISPR.UMUC3,PinAPL-py,CYP7A1,0,0
CRISPR.UMUC3,PinAPL-py,DEFB129,0,0
CRISPR.UMUC3,PinAPL-py,DMRTB1,0,0
CRISPR.UMUC3,PinAPL-py,DMRTC2,0,0
CRISPR.UMUC3,PinAPL-py,FAM71B,0,0
CRISPR.UMUC3,PinAPL-py,FCRL4,0,0
CRISPR.UMUC3,PinAPL-py,HTR3D,0,0
CRISPR.UMUC3,PinAPL-py,IL1F10,0,0
CRISPR.UMUC3,PinAPL-py,IL22,0,0
CRISPR.UMUC3,PinAPL-py,KRT25,0,0
CRISPR.UMUC3,PinAPL-py,KRT74,0,0
CRISPR.UMUC3,PinAPL-py,KRT77,0,0
CRISPR.UMUC3,PinAPL-py,KRT9,0,0
CRISPR.UMUC3,PinAPL-py,LHX5,0,0
CRISPR.UMUC3,PinAPL-py,LUZP4,0,0
CRISPR.UMUC3,PinAPL-py,LYZL6,0,0
CRISPR.UMUC3,PinAPL-py,MAGEB3,0,0
CRISPR.UMUC3,PinAPL-py,MRGPRD,0,0
CRISPR.UMUC3,PinAPL-py,NLRP5,0,0
CRISPR.UMUC3,PinAPL-py,NPHS2,0,0
CRISPR.UMUC3,PinAPL-py,NPSR1,0,0
CRISPR.UMUC3,PinAPL-py,OC90,0,0
CRISPR.UMUC3,PinAPL-py,OLIG2,0,0
CRISPR.UMUC3,PinAPL-py,OR12D2,0,0
CRISPR.UMUC3,PinAPL-py,OR52E8,0,0
CRISPR.UMUC3,PinAPL-py,OR9Q2,0,0
CRISPR.UMUC3,PinAPL-py,OTUD6A,0,0
CRISPR.UMUC3,PinAPL-py,PIWIL3,0,0
CRISPR.UMUC3,PinAPL-py,PLA2G2E,0,0
CRISPR.UMUC3,PinAPL-py,POU4F2,0,0
CRISPR.UMUC3,PinAPL-py,RNASE9,0,0
CRISPR.UMUC3,PinAPL-py,RPL6,0,1
CRISPR.UMUC3,PinAPL-py,RPS24,0,1
CRISPR.UMUC3,PinAPL-py,RPS27,0,1
CRISPR.UMUC3,PinAPL-py,RPS7,0,1
CRISPR.UMUC3,PinAPL-py,RPTN,0,0
CRISPR.UMUC3,PinAPL-py,RXFP2,0,0
CRISPR.UMUC3,PinAPL-py,SAGE1,0,0
CRISPR.UMUC3,PinAPL-py,SPATA16,0,0
CRISPR.UMUC3,PinAPL-py,TAAR1,0,0
CRISPR.UMUC3,PinAPL-py,TAAR8,0,0
CRISPR.UMUC3,PinAPL-py,TAS2R13,0,0
CRISPR.UMUC3,PinAPL-py,TAS2R9,0,0
CRISPR.UMUC3,PinAPL-py,TGM6,0,0
CRISPR.UMUC3,PinAPL-py,TPH2,0,0
CRISPR.UMUC3,PinAPL-py,TRIM42,0,0
CRISPR.UMUC3,PinAPL-py,VN1R2,0,0
CRISPR.UMUC3,ScreenBEAM,RPL11,0.5471212130156908,1
CRISPR.UMUC3,ScreenBEAM,PSMB2,0.3254488732857334,1
CRISPR.UMUC3,ScreenBEAM,NUP93,0.47761701958847863,1
CRISPR.UMUC3,ScreenBEAM,PSMD7,0.2705750987754168,1
CRISPR.UMUC3,ScreenBEAM,RPS19,0.36838924422608776,1
CRISPR.UMUC3,ScreenBEAM,COPA,0.47854916159815136,1
CRISPR.UMUC3,ScreenBEAM,RPS13,0.34802179915616155,1
CRISPR.UMUC3,ScreenBEAM,COPB1,0.38049507529087195,1
CRISPR.UMUC3,ScreenBEAM,RPL35A,0.6035812910694173,1
CRISPR.UMUC3,ScreenBEAM,PSMD11,0.34942673498196763,1
CRISPR.UMUC3,ScreenBEAM,RPL36,0.5336411636952808,1
CRISPR.UMUC3,ScreenBEAM,RPL18A,0.3189670906167053,1
CRISPR.UMUC3,ScreenBEAM,RPS8,0.4177205850411881,1
CRISPR.UMUC3,ScreenBEAM,RPL9,0.5666111725092581,1
CRISPR.UMUC3,ScreenBEAM,RPL34,0.45869059624170627,1
CRISPR.UMUC3,ScreenBEAM,COPS4,0.34001640987062626,1
CRISPR.UMUC3,ScreenBEAM,POLR2D,0.33240929041737627,1
CRISPR.UMUC3,ScreenBEAM,RPS9,0.5351669956408548,1
CRISPR.UMUC3,ScreenBEAM,POLR2A,0.535601954051908,1
CRISPR.UMUC3,ScreenBEAM,PSMD6,0.21626383556961654,1
CRISPR.UMUC3,ScreenBEAM,PSMA3,0.43598464517204744,1
CRISPR.UMUC3,ScreenBEAM,PSMC4,0.3569714598478676,1
CRISPR.UMUC3,ScreenBEAM,RPL6,0.6295019664134665,1
CRISPR.UMUC3,ScreenBEAM,COPS2,0.3778419357978662,1
CRISPR.UMUC3,ScreenBEAM,PSMC1,0.344648183302587,1
CRISPR.UMUC3,ScreenBEAM,RPS11,0.4294588521880149,1
CRISPR.UMUC3,ScreenBEAM,PSMB3,0.4853218563837834,1
CRISPR.UMUC3,ScreenBEAM,NUP205,0.32901982694252874,1
CRISPR.UMUC3,ScreenBEAM,NUP54,0.31807474355752896,1
CRISPR.UMUC3,ScreenBEAM,COPZ1,0.29483404468112717,1
CRISPR.UMUC3,ScreenBEAM,RPL5,0.40145390257704133,1
CRISPR.UMUC3,ScreenBEAM,POLA1,0.40112442306469887,1
CRISPR.UMUC3,ScreenBEAM,PSMC2,0.2180713137858205,1
CRISPR.UMUC3,ScreenBEAM,POLR2F,0.2625443830554197,1
CRISPR.UMUC3,ScreenBEAM,RPL30,0.3813869033697244,1
CRISPR.UMUC3,ScreenBEAM,RPS3A,0.23778354349870673,1
CRISPR.UMUC3,ScreenBEAM,COPS6,0.25321773911110373,1
CRISPR.UMUC3,ScreenBEAM,NUP133,0.35748013018867575,1
CRISPR.UMUC3,ScreenBEAM,PSMD1,0.23972165854469443,1
CRISPR.UMUC3,ScreenBEAM,RPL3,0.20422963810956682,1
CRISPR.UMUC3,ScreenBEAM,RPL27,0.3846300067563691,1
CRISPR.UMUC3,ScreenBEAM,COPS8,0.23817461144126992,1
CRISPR.UMUC3,ScreenBEAM,NUP98,0.15898598754071225,1
CRISPR.UMUC3,ScreenBEAM,RPS27,0.14483271309596596,1
CRISPR.UMUC3,ScreenBEAM,RPS24,0.2230481781595507,1
CRISPR.UMUC3,ScreenBEAM,LYZL6,0.07470228880850198,0
CRISPR.UMUC3,ScreenBEAM,RPS7,0.21946910127997601,1
CRISPR.UMUC3,ScreenBEAM,KRT25,0.07281977123946289,0
CRISPR.UMUC3,ScreenBEAM,MRGPRD,0.0744371069559547,0
CRISPR.UMUC3,ScreenBEAM,TPH2,0.08892354906238012,0
CRISPR.UMUC3,ScreenBEAM,KRT74,0.05944900103517656,0
CRISPR.UMUC3,ScreenBEAM,KRT9,0.07411225629150588,0
CRISPR.UMUC3,ScreenBEAM,DMRTC2,0.05160810207909341,0
CRISPR.UMUC3,ScreenBEAM,PIWIL3,0.07730348635559636,0
CRISPR.UMUC3,ScreenBEAM,IL22,0.0841845092307113,0
CRISPR.UMUC3,ScreenBEAM,RPTN,0.08679247515290459,0
CRISPR.UMUC3,ScreenBEAM,FCRL4,0.080694231643045,0
CRISPR.UMUC3,ScreenBEAM,IL1F10,0.09006718466534526,0
CRISPR.UMUC3,ScreenBEAM,RNASE9,0.07927883004895238,0
CRISPR.UMUC3,ScreenBEAM,KRT77,0.06402170140209619,0
CRISPR.UMUC3,ScreenBEAM,NPHS2,0.05697357076569299,0
CRISPR.UMUC3,ScreenBEAM,ADH7,0.08931784349981332,0
CRISPR.UMUC3,ScreenBEAM,LHX5,0.07670778059354469,0
CRISPR.UMUC3,ScreenBEAM,OR9Q2,0.06435734231428064,0
CRISPR.UMUC3,ScreenBEAM,CABP5,0.05892504193903003,0
CRISPR.UMUC3,ScreenBEAM,DMRTB1,0.06497157721189471,0
CRISPR.UMUC3,ScreenBEAM,PLA2G2E,0.07422331763272054,0
CRISPR.UMUC3,ScreenBEAM,TAS2R13,0.0771149131105143,0
CRISPR.UMUC3,ScreenBEAM,CYP7A1,0.05826153574176324,0
CRISPR.UMUC3,ScreenBEAM,RXFP2,0.052641935620302116,0
CRISPR.UMUC3,ScreenBEAM,OR12D2,0.05108623794977317,0
CRISPR.UMUC3,ScreenBEAM,CRYGB,0.06273050996132737,0
CRISPR.UMUC3,ScreenBEAM,TAAR8,0.07838534806186569,0
CRISPR.UMUC3,ScreenBEAM,OTUD6A,0.07439533228084172,0
CRISPR.UMUC3,ScreenBEAM,TGM6,0.050968703071422594,0
CRISPR.UMUC3,ScreenBEAM,OC90,0.07577722575741148,0
CRISPR.UMUC3,ScreenBEAM,MAGEB3,0.07724774014812044,0
CRISPR.UMUC3,ScreenBEAM,NPSR1,0.05539531060825565,0
CRISPR.UMUC3,ScreenBEAM,SAGE1,0.047680134524343006,0
CRISPR.UMUC3,ScreenBEAM,VN1R2,0.07410089496438006,0
CRISPR.UMUC3,ScreenBEAM,TAAR1,0.062610121906067,0
CRISPR.UMUC3,ScreenBEAM,DEFB129,0.05462496167771418,0
CRISPR.UMUC3,ScreenBEAM,POU4F2,0.08055344984673359,0
CRISPR.UMUC3,ScreenBEAM,LUZP4,0.0582754335385133,0
CRISPR.UMUC3,ScreenBEAM,FAM71B,0.08107112107735776,0
CRISPR.UMUC3,ScreenBEAM,NLRP5,0.06650069655843724,0
CRISPR.UMUC3,ScreenBEAM,ABCG8,0.04185946686306654,0
CRISPR.UMUC3,ScreenBEAM,SPATA16,0.04276021445091245,0
CRISPR.UMUC3,ScreenBEAM,OLIG2,0.052887005936932484,0
CRISPR.UMUC3,ScreenBEAM,HTR3D,0.05621290408441658,0
CRISPR.UMUC3,ScreenBEAM,OR52E8,0.04056883533985441,0
CRISPR.UMUC3,ScreenBEAM,TAS2R9,0.0427557727421646,0
CRISPR.UMUC3,ScreenBEAM,TRIM42,0.03855622282690578,0
CRISPR.UMUC3,sgRSEA,TGM6,0,0
CRISPR.UMUC3,sgRSEA,TRIM42,0.0014331780723755294,0
CRISPR.UMUC3,sgRSEA,FAM71B,0.0014331780723755294,0
CRISPR.UMUC3,sgRSEA,OR52E8,0.0017914725904694118,0
CRISPR.UMUC3,sgRSEA,TAS2R9,0.0017914725904694118,0
CRISPR.UMUC3,sgRSEA,NLRP5,0.0017914725904694118,0
CRISPR.UMUC3,sgRSEA,HTR3D,0.003941239699032595,0
CRISPR.UMUC3,sgRSEA,ABCG8,0.003941239699032595,0
CRISPR.UMUC3,sgRSEA,DEFB129,0.005732712289502007,0
CRISPR.UMUC3,sgRSEA,SPATA16,0.006807595843783543,0
CRISPR.UMUC3,sgRSEA,LUZP4,0.006807595843783543,0
CRISPR.UMUC3,sgRSEA,OLIG2,0.007165890361877425,0
CRISPR.UMUC3,sgRSEA,VN1R2,0.007165890361877425,0
CRISPR.UMUC3,sgRSEA,SAGE1,0.007524184879971307,0
CRISPR.UMUC3,sgRSEA,TAAR1,0.00788247939806519,0
CRISPR.UMUC3,sgRSEA,TAAR8,0.00788247939806519,0
CRISPR.UMUC3,sgRSEA,CRYGB,0.00788247939806519,0
CRISPR.UMUC3,sgRSEA,NPSR1,0.00788247939806519,0
CRISPR.UMUC3,sgRSEA,MAGEB3,0.00788247939806519,0
CRISPR.UMUC3,sgRSEA,RXFP2,0.008599068434252954,0
CRISPR.UMUC3,sgRSEA,POU4F2,0.008957362952346837,0
CRISPR.UMUC3,sgRSEA,CYP7A1,0.010390541024722366,0
CRISPR.UMUC3,sgRSEA,OTUD6A,0.01110713006091002,0
CRISPR.UMUC3,sgRSEA,OR12D2,0.011465424579003902,0
CRISPR.UMUC3,sgRSEA,PLA2G2E,0.011465424579003902,0
CRISPR.UMUC3,sgRSEA,TAS2R13,0.012182013615191667,0
CRISPR.UMUC3,sgRSEA,RPS24,0.017914725904693674,1
CRISPR.UMUC3,sgRSEA,CABP5,0.02185596560372627,0
CRISPR.UMUC3,sgRSEA,DMRTB1,0.02221426012182015,0
CRISPR.UMUC3,sgRSEA,OC90,0.02866356144750981,0
CRISPR.UMUC3,sgRSEA,IL22,0.04872805446076678,0
CRISPR.UMUC3,sgRSEA,NPHS2,0.04872805446076678,0
CRISPR.UMUC3,sgRSEA,OR9Q2,0.052669294159799374,0
CRISPR.UMUC3,sgRSEA,LHX5,0.06879254747402364,0
CRISPR.UMUC3,sgRSEA,ADH7,0.07560014331780729,0
CRISPR.UMUC3,sgRSEA,RPTN,0.08419921175206024,0
CRISPR.UMUC3,sgRSEA,KRT77,0.08814045145109284,0
CRISPR.UMUC3,sgRSEA,PIWIL3,0.12146184163382301,0
CRISPR.UMUC3,sgRSEA,FCRL4,0.13077749910426373,0
CRISPR.UMUC3,sgRSEA,IL1F10,0.15729129344321036,0
CRISPR.UMUC3,sgRSEA,DMRTC2,0.1716230741669652,0
CRISPR.UMUC3,sgRSEA,KRT9,0.1795055535650305,0
CRISPR.UMUC3,sgRSEA,TPH2,0.1816553206735937,0
CRISPR.UMUC3,sgRSEA,KRT74,0.19598710139734865,0
CRISPR.UMUC3,sgRSEA,RNASE9,0.20315299175922608,0
CRISPR.UMUC3,sgRSEA,MRGPRD,0.2067359369401648,0
CRISPR.UMUC3,sgRSEA,RPS7,0.20781082049444644,1
CRISPR.UMUC3,sgRSEA,KRT25,0.20888570404872808,0
CRISPR.UMUC3,sgRSEA,LYZL6,0.20996058760300962,0
CRISPR.UMUC3,sgRSEA,NUP98,0.2504478681476173,1
CRISPR.UMUC3,sgRSEA,COPS8,0.2762450734503762,1
CRISPR.UMUC3,sgRSEA,RPS27,0.567896811178789,1
CRISPR.UMUC3,sgRSEA,RPL27,0.6083840917233967,1
CRISPR.UMUC3,sgRSEA,RPL3,0.6743102830526693,1
CRISPR.UMUC3,sgRSEA,PSMD1,0.8040128986026513,1
CRISPR.UMUC3,sgRSEA,COPS6,0.8247939806520961,1
CRISPR.UMUC3,sgRSEA,NUP133,0.9014690075241849,1
CRISPR.UMUC3,sgRSEA,RPS3A,0.9140093156574705,1
CRISPR.UMUC3,sgRSEA,RPL6,0.9283410963812253,1
CRISPR.UMUC3,sgRSEA,COPZ1,0.9315657470440702,1
CRISPR.UMUC3,sgRSEA,RPL30,0.9340738086707273,1
CRISPR.UMUC3,sgRSEA,NUP205,0.9494804729487639,1
CRISPR.UMUC3,sgRSEA,POLA1,0.9566463633106413,1
CRISPR.UMUC3,sgRSEA,NUP54,0.9795772124686493,1
CRISPR.UMUC3,sgRSEA,PSMB3,0.9820852740953063,1
CRISPR.UMUC3,sgRSEA,RPL5,0.9849516302400573,1
CRISPR.UMUC3,sgRSEA,PSMC2,0.9949838767466858,1
CRISPR.UMUC3,sgRSEA,PSMC4,0.9949838767466858,1
CRISPR.UMUC3,sgRSEA,COPS2,0.9953421712647796,1
CRISPR.UMUC3,sgRSEA,POLR2F,0.9964170548190613,1
CRISPR.UMUC3,sgRSEA,PSMA3,0.9964170548190613,1
CRISPR.UMUC3,sgRSEA,RPS11,0.997133643855249,1
CRISPR.UMUC3,sgRSEA,POLR2A,0.9992834109638122,1
CRISPR.UMUC3,sgRSEA,RPL9,0.9992834109638122,1
CRISPR.UMUC3,sgRSEA,RPS9,0.9992834109638122,1
CRISPR.UMUC3,sgRSEA,PSMD6,0.9992834109638122,1
CRISPR.UMUC3,sgRSEA,RPL34,0.9992834109638122,1
CRISPR.UMUC3,sgRSEA,PSMC1,0.9996417054819061,1
CRISPR.UMUC3,sgRSEA,RPL35A,0.9996417054819061,1
CRISPR.UMUC3,sgRSEA,RPL36,0.9996417054819061,1
CRISPR.UMUC3,sgRSEA,POLR2D,0.9996417054819061,1
CRISPR.UMUC3,sgRSEA,COPA,0.9996417054819061,1
CRISPR.UMUC3,sgRSEA,COPS4,0.9996417054819061,1
CRISPR.UMUC3,sgRSEA,RPS8,0.9996417054819061,1
CRISPR.UMUC3,sgRSEA,PSMD11,0.9996417054819061,1
CRISPR.UMUC3,sgRSEA,RPL18A,0.9996417054819061,1
CRISPR.UMUC3,sgRSEA,PSMD7,0.9996417054819061,1
CRISPR.UMUC3,sgRSEA,COPB1,0.9996417054819061,1
CRISPR.UMUC3,sgRSEA,NUP93,0.9996417054819061,1
CRISPR.UMUC3,sgRSEA,RPL11,0.9996417054819061,1
CRISPR.UMUC3,sgRSEA,RPS13,0.9996417054819061,1
CRISPR.UMUC3,sgRSEA,RPS19,0.9996417054819061,1
CRISPR.UMUC3,sgRSEA,PSMB2,0.9996417054819061,1
CRISPRi.RT112,CC2,RPS24,1,1
CRISPRi.RT112,CC2,RPL11,1,1
CRISPRi.RT112,CC2,PSMA3,1,1
CRISPRi.RT112,CC2,RPL34,1,1
CRISPRi.RT112,CC2,RPS8,1,1
CRISPRi.RT112,CC2,RPL30,0.9999953202600879,1
CRISPRi.RT112,CC2,COPZ1,1,1
CRISPRi.RT112,CC2,POLR2D,1,1
CRISPRi.RT112,CC2,PSMC2,0.9999503997787722,1
CRISPRi.RT112,CC2,RPS7,1,1
CRISPRi.RT112,CC2,PSMD1,1,1
CRISPRi.RT112,CC2,POLA1,1,1
CRISPRi.RT112,CC2,RPL6,1,1
CRISPRi.RT112,CC2,PSMD11,0.9999861598851078,1
CRISPRi.RT112,CC2,RPL36,0.9999999999999974,1
CRISPRi.RT112,CC2,NUP205,0.9999999999723903,1
CRISPRi.RT112,CC2,PSMC1,0.9599511537892192,1
CRISPRi.RT112,CC2,RPS19,0.9999999996389543,1
CRISPRi.RT112,CC2,NUP93,1,1
CRISPRi.RT112,CC2,RPL9,0.9721610936971123,1
CRISPRi.RT112,CC2,POLR2A,0.999999999999708,1
CRISPRi.RT112,CC2,COPB1,0.9999999999878167,1
CRISPRi.RT112,CC2,RPL5,0.9999999940168545,1
CRISPRi.RT112,CC2,PSMD7,0.9999999998995136,1
CRISPRi.RT112,CC2,RPS27,0.9999979556465404,1
CRISPRi.RT112,CC2,RPS11,0.9998221886602425,1
CRISPRi.RT112,CC2,RPL3,0.9999942969456911,1
CRISPRi.RT112,CC2,RPL27,0.9293815949569055,1
CRISPRi.RT112,CC2,NUP133,0.9999999954798963,1
CRISPRi.RT112,CC2,PSMD6,0.9999976934532085,1
CRISPRi.RT112,CC2,RPS3A,0.7171267771296886,1
CRISPRi.RT112,CC2,COPS4,0.9999101012934654,1
CRISPRi.RT112,CC2,NUP54,0.9999997339582,1
CRISPRi.RT112,CC2,COPA,0.9934966782828142,1
CRISPRi.RT112,CC2,RPL35A,0.9895478843119715,1
CRISPRi.RT112,CC2,RPL18A,0.9987295845168809,1
CRISPRi.RT112,CC2,POLR2F,0.9998600749339059,1
CRISPRi.RT112,CC2,PSMB3,0.7635004569715422,1
CRISPRi.RT112,CC2,NUP98,0.9998700652194074,1
CRISPRi.RT112,CC2,RPTN,2.2788340103829796e-9,0
CRISPRi.RT112,CC2,DMRTC2,0.022557137693474782,0
CRISPRi.RT112,CC2,RPS9,1.6708856520608606e-13,1
CRISPRi.RT112,CC2,COPS2,0.039827166482095944,1
CRISPRi.RT112,CC2,CRYGB,2.100228879697852e-10,0
CRISPRi.RT112,CC2,POU4F2,0.03824200574865799,0
CRISPRi.RT112,CC2,IL1F10,0,0
CRISPRi.RT112,CC2,TAS2R9,0.005176689254401179,0
CRISPRi.RT112,CC2,CABP5,2.0976048453746898e-7,0
CRISPRi.RT112,CC2,NPSR1,3.834055295470762e-11,0
CRISPRi.RT112,CC2,NLRP5,2.2990568337988293e-8,0
CRISPRi.RT112,CC2,VN1R2,0.004272813879279469,0
CRISPRi.RT112,CC2,TAAR8,1.2289391726483245e-11,0
CRISPRi.RT112,CC2,TPH2,5.320488711746396e-5,0
CRISPRi.RT112,CC2,RXFP2,9.651168753066486e-12,0
CRISPRi.RT112,CC2,TAAR1,4.4394488085686135e-12,0
CRISPRi.RT112,CC2,COPS8,9.960920976936904e-13,1
CRISPRi.RT112,CC2,ADH7,5.704325900524054e-13,0
CRISPRi.RT112,CC2,PLA2G2E,2.533920584468774e-8,0
CRISPRi.RT112,CC2,PSMB2,2.2284828433727366e-4,1
CRISPRi.RT112,CC2,MRGPRD,4.439022357471956e-6,0
CRISPRi.RT112,CC2,LUZP4,5.592078133886957e-9,0
CRISPRi.RT112,CC2,CYP7A1,5.562883487186809e-12,0
CRISPRi.RT112,CC2,FCRL4,3.6637359812630166e-15,0
CRISPRi.RT112,CC2,OTUD6A,2.8880897673388972e-11,0
CRISPRi.RT112,CC2,TRIM42,1.6792809744092807e-5,0
CRISPRi.RT112,CC2,HTR3D,1.1347589534693725e-12,0
CRISPRi.RT112,CC2,PIWIL3,4.084699245510137e-10,0
CRISPRi.RT112,CC2,NPHS2,1.7846371824781215e-8,0
CRISPRi.RT112,CC2,KRT77,3.478473065143817e-11,0
CRISPRi.RT112,CC2,OC90,4.440892098500626e-16,0
CRISPRi.RT112,CC2,COPS6,3.012868497803689e-4,1
CRISPRi.RT112,CC2,MAGEB3,5.440092820663267e-15,0
CRISPRi.RT112,CC2,RPS13,1.454465915484704e-7,1
CRISPRi.RT112,CC2,IL22,1.124234039195926e-11,0
CRISPRi.RT112,CC2,SPATA16,3.313349594691317e-12,0
CRISPRi.RT112,CC2,OLIG2,0,0
CRISPRi.RT112,CC2,DEFB129,4.813585086083094e-10,0
CRISPRi.RT112,CC2,LHX5,1.0635576641604416e-8,0
CRISPRi.RT112,CC2,PSMC4,8.881784197001252e-16,1
CRISPRi.RT112,CC2,SAGE1,0,0
CRISPRi.RT112,CC2,TGM6,7.072098795468662e-9,0
CRISPRi.RT112,CC2,DMRTB1,0,0
CRISPRi.RT112,CC2,OR12D2,8.431116626739232e-6,0
CRISPRi.RT112,CC2,TAS2R13,0.004891722827204292,0
CRISPRi.RT112,CC2,KRT25,3.319791019995577e-5,0
CRISPRi.RT112,CC2,KRT74,1.8297858062066297e-7,0
CRISPRi.RT112,CC2,ABCG8,3.564033512759579e-10,0
CRISPRi.RT112,CC2,RNASE9,1.7834501300217909e-6,0
CRISPRi.RT112,CC2,LYZL6,4.914452178539364e-10,0
CRISPRi.RT112,CC2,FAM71B,1.3600353732101667e-8,0
CRISPRi.RT112,CC2,KRT9,1.2254974812719865e-11,0
CRISPRi.RT112,CC2,OR52E8,0.0024930689692369556,0
CRISPRi.RT112,CC2,OR9Q2,7.059773184020512e-4,0
CRISPRi.RT112,HitSelect,RPL11,1.54569,1
CRISPRi.RT112,HitSelect,NUP93,1.76969,1
CRISPRi.RT112,HitSelect,COPZ1,1.42857,1
CRISPRi.RT112,HitSelect,RPL34,1.39633,1
CRISPRi.RT112,HitSelect,RPL36,1.48257,1
CRISPRi.RT112,HitSelect,PSMA3,1.60149,1
CRISPRi.RT112,HitSelect,RPL6,1.38112,1
CRISPRi.RT112,HitSelect,RPL30,1.85994,1
CRISPRi.RT112,HitSelect,RPS8,1.31408,1
CRISPRi.RT112,HitSelect,PSMD1,1.26559,1
CRISPRi.RT112,HitSelect,RPS24,0.994768,1
CRISPRi.RT112,HitSelect,POLR2D,1.19951,1
CRISPRi.RT112,HitSelect,NUP205,1.2687,1
CRISPRi.RT112,HitSelect,POLR2A,1.3772,1
CRISPRi.RT112,HitSelect,RPS7,0.976949,1
CRISPRi.RT112,HitSelect,PSMC2,1.24517,1
CRISPRi.RT112,HitSelect,PSMD11,1.36298,1
CRISPRi.RT112,HitSelect,POLA1,1.0137100000000001,1
CRISPRi.RT112,HitSelect,COPB1,1.30213,1
CRISPRi.RT112,HitSelect,RPS11,1.38095,1
CRISPRi.RT112,HitSelect,PSMC1,1.28282,1
CRISPRi.RT112,HitSelect,PSMD7,0.644676,1
CRISPRi.RT112,HitSelect,RPS19,0.612265,1
CRISPRi.RT112,HitSelect,PSMD6,0.84418,1
CRISPRi.RT112,HitSelect,NUP54,0.438713,1
CRISPRi.RT112,HitSelect,RPL5,0.810489,1
CRISPRi.RT112,HitSelect,RPL3,0.567782,1
CRISPRi.RT112,HitSelect,RPS27,0.771807,1
CRISPRi.RT112,HitSelect,RPL27,0.90537,1
CRISPRi.RT112,HitSelect,NUP133,0.590552,1
CRISPRi.RT112,HitSelect,RPL9,0.625187,1
CRISPRi.RT112,HitSelect,RPS3A,0.93315,1
CRISPRi.RT112,HitSelect,COPA,0.562592,1
CRISPRi.RT112,HitSelect,RPL18A,0.712404,1
CRISPRi.RT112,HitSelect,POLR2F,0.226014,1
CRISPRi.RT112,HitSelect,COPS4,0.478879,1
CRISPRi.RT112,HitSelect,NUP98,0.208331,1
CRISPRi.RT112,HitSelect,RPL35A,0.388289,1
CRISPRi.RT112,HitSelect,PSMB3,0.2891,1
CRISPRi.RT112,HitSelect,DMRTC2,0.0953658,0
CRISPRi.RT112,HitSelect,COPS2,0.037592,1
CRISPRi.RT112,HitSelect,POU4F2,0.0308974,0
CRISPRi.RT112,HitSelect,NLRP5,-0.159866,0
CRISPRi.RT112,HitSelect,PIWIL3,-0.160665,0
CRISPRi.RT112,HitSelect,PLA2G2E,-0.161239,0
CRISPRi.RT112,HitSelect,RPS9,-0.16393,1
CRISPRi.RT112,HitSelect,KRT77,-0.164662,0
CRISPRi.RT112,HitSelect,OTUD6A,-0.164975,0
CRISPRi.RT112,HitSelect,ADH7,-0.165695,0
CRISPRi.RT112,HitSelect,CYP7A1,-0.166305,0
CRISPRi.RT112,HitSelect,OR12D2,-0.168557,0
CRISPRi.RT112,HitSelect,MRGPRD,-0.169978,0
CRISPRi.RT112,HitSelect,NPHS2,-0.171268,0
CRISPRi.RT112,HitSelect,PSMC4,-0.171269,1
CRISPRi.RT112,HitSelect,VN1R2,-0.172321,0
CRISPRi.RT112,HitSelect,FAM71B,-0.174956,0
CRISPRi.RT112,HitSelect,NPSR1,-0.175076,0
CRISPRi.RT112,HitSelect,TRIM42,-0.175629,0
CRISPRi.RT112,HitSelect,TAS2R9,-0.177551,0
CRISPRi.RT112,HitSelect,LUZP4,-0.180159,0
CRISPRi.RT112,HitSelect,FCRL4,-0.181975,0
CRISPRi.RT112,HitSelect,DEFB129,-0.182696,0
CRISPRi.RT112,HitSelect,IL1F10,-0.184668,0
CRISPRi.RT112,HitSelect,LYZL6,-0.1858,0
CRISPRi.RT112,HitSelect,IL22,-0.186826,0
CRISPRi.RT112,HitSelect,KRT25,-0.187255,0
CRISPRi.RT112,HitSelect,DMRTB1,-0.187524,0
CRISPRi.RT112,HitSelect,RNASE9,-0.188419,0
CRISPRi.RT112,HitSelect,RXFP2,-0.189386,0
CRISPRi.RT112,HitSelect,TAAR8,-0.192195,0
CRISPRi.RT112,HitSelect,COPS6,-0.192909,1
CRISPRi.RT112,HitSelect,SAGE1,-0.193064,0
CRISPRi.RT112,HitSelect,HTR3D,-0.196253,0
CRISPRi.RT112,HitSelect,TAAR1,-0.200187,0
CRISPRi.RT112,HitSelect,COPS8,-0.202064,1
CRISPRi.RT112,HitSelect,RPS13,-0.207592,1
CRISPRi.RT112,HitSelect,PSMB2,-0.210089,1
CRISPRi.RT112,HitSelect,RPTN,-0.211466,0
CRISPRi.RT112,HitSelect,MAGEB3,-0.215525,0
CRISPRi.RT112,HitSelect,OR9Q2,-0.215648,0
CRISPRi.RT112,HitSelect,TAS2R13,-0.216449,0
CRISPRi.RT112,HitSelect,CRYGB,-0.217383,0
CRISPRi.RT112,HitSelect,TGM6,-0.223002,0
CRISPRi.RT112,HitSelect,LHX5,-0.22339,0
CRISPRi.RT112,HitSelect,KRT74,-0.23047,0
CRISPRi.RT112,HitSelect,ABCG8,-0.230621,0
CRISPRi.RT112,HitSelect,OLIG2,-0.231151,0
CRISPRi.RT112,HitSelect,OR52E8,-0.231545,0
CRISPRi.RT112,HitSelect,KRT9,-0.232032,0
CRISPRi.RT112,HitSelect,OC90,-0.232895,0
CRISPRi.RT112,HitSelect,SPATA16,-0.23377,0
CRISPRi.RT112,HitSelect,TPH2,-0.240238,0
CRISPRi.RT112,HitSelect,CABP5,-0.260725,0
CRISPRi.RT112,MAGeCK,RPL34,0.9999953616,1
CRISPRi.RT112,MAGeCK,POLA1,0.99996343,1
CRISPRi.RT112,MAGeCK,COPZ1,0.999951981,1
CRISPRi.RT112,MAGeCK,NUP93,0.99993047,1
CRISPRi.RT112,MAGeCK,RPS24,0.99989059,1
CRISPRi.RT112,MAGeCK,RPL11,0.99987753,1
CRISPRi.RT112,MAGeCK,RPL6,0.99983627,1
CRISPRi.RT112,MAGeCK,NUP54,0.99978796,1
CRISPRi.RT112,MAGeCK,POLR2D,0.999758,1
CRISPRi.RT112,MAGeCK,PSMA3,0.99956309,1
CRISPRi.RT112,MAGeCK,RPS7,0.99917202,1
CRISPRi.RT112,MAGeCK,PSMD1,0.9986529,1
CRISPRi.RT112,MAGeCK,RPS8,0.9966585,1
CRISPRi.RT112,MAGeCK,RPL30,0.9954188,1
CRISPRi.RT112,MAGeCK,PSMD7,0.9944526,1
CRISPRi.RT112,MAGeCK,RPL36,0.9895,1
CRISPRi.RT112,MAGeCK,NUP205,0.989496,1
CRISPRi.RT112,MAGeCK,POLR2A,0.989013,1
CRISPRi.RT112,MAGeCK,COPB1,0.986966,1
CRISPRi.RT112,MAGeCK,RPS27,0.978604,1
CRISPRi.RT112,MAGeCK,POLR2F,0.953481,1
CRISPRi.RT112,MAGeCK,COPA,0.953077,1
CRISPRi.RT112,MAGeCK,NUP98,0.9452160000000001,1
CRISPRi.RT112,MAGeCK,NUP133,0.93632,1
CRISPRi.RT112,MAGeCK,RPS19,0.89667,1
CRISPRi.RT112,MAGeCK,PSMD6,0.89627,1
CRISPRi.RT112,MAGeCK,PSMD11,0.89219,1
CRISPRi.RT112,MAGeCK,PSMC2,0.84976,1
CRISPRi.RT112,MAGeCK,RPL5,0.84201,1
CRISPRi.RT112,MAGeCK,RPL3,0.83702,1
CRISPRi.RT112,MAGeCK,RPS11,0.79724,1
CRISPRi.RT112,MAGeCK,COPS4,0.7195,1
CRISPRi.RT112,MAGeCK,PSMC1,0.67319,1
CRISPRi.RT112,MAGeCK,RPL9,0.59961,1
CRISPRi.RT112,MAGeCK,RPL27,0.56028,1
CRISPRi.RT112,MAGeCK,RPL18A,0.50987,1
CRISPRi.RT112,MAGeCK,PSMB3,0.48685,1
CRISPRi.RT112,MAGeCK,RPL35A,0.37656,1
CRISPRi.RT112,MAGeCK,RPS3A,0.35789000000000004,1
CRISPRi.RT112,MAGeCK,COPS6,0.34602,1
CRISPRi.RT112,MAGeCK,OR12D2,0.31050999999999995,0
CRISPRi.RT112,MAGeCK,KRT25,0.28696,0
CRISPRi.RT112,MAGeCK,DMRTC2,0.25742,0
CRISPRi.RT112,MAGeCK,OR9Q2,0.24085,0
CRISPRi.RT112,MAGeCK,VN1R2,0.21028999999999998,0
CRISPRi.RT112,MAGeCK,POU4F2,0.20921,0
CRISPRi.RT112,MAGeCK,OR52E8,0.20716999999999997,0
CRISPRi.RT112,MAGeCK,COPS2,0.17232000000000003,1
CRISPRi.RT112,MAGeCK,RNASE9,0.16227999999999998,0
CRISPRi.RT112,MAGeCK,TAS2R13,0.16079,0
CRISPRi.RT112,MAGeCK,NLRP5,0.11285999999999996,0
CRISPRi.RT112,MAGeCK,FAM71B,0.11243999999999998,0
CRISPRi.RT112,MAGeCK,KRT74,0.08565999999999996,0
CRISPRi.RT112,MAGeCK,NPHS2,0.08284000000000002,0
CRISPRi.RT112,MAGeCK,LUZP4,0.07811000000000001,0
CRISPRi.RT112,MAGeCK,TRIM42,0.07774000000000003,0
CRISPRi.RT112,MAGeCK,PSMB2,0.07701000000000002,1
CRISPRi.RT112,MAGeCK,CABP5,0.07506000000000002,0
CRISPRi.RT112,MAGeCK,PIWIL3,0.07252999999999998,0
CRISPRi.RT112,MAGeCK,TPH2,0.07038999999999995,0
CRISPRi.RT112,MAGeCK,ABCG8,0.06847000000000003,0
CRISPRi.RT112,MAGeCK,MRGPRD,0.06760999999999995,0
CRISPRi.RT112,MAGeCK,RPTN,0.06677,0
CRISPRi.RT112,MAGeCK,KRT77,0.0625,0
CRISPRi.RT112,MAGeCK,RPS9,0.06164000000000003,1
CRISPRi.RT112,MAGeCK,DEFB129,0.060980000000000034,0
CRISPRi.RT112,MAGeCK,PLA2G2E,0.06032000000000004,0
CRISPRi.RT112,MAGeCK,IL22,0.058679999999999954,0
CRISPRi.RT112,MAGeCK,TAS2R9,0.05689999999999995,0
CRISPRi.RT112,MAGeCK,RPS13,0.05611999999999995,1
CRISPRi.RT112,MAGeCK,RXFP2,0.053690000000000015,0
CRISPRi.RT112,MAGeCK,LHX5,0.03820000000000001,0
CRISPRi.RT112,MAGeCK,COPS8,0.030320000000000014,1
CRISPRi.RT112,MAGeCK,TAAR8,0.029810000000000003,0
CRISPRi.RT112,MAGeCK,OTUD6A,0.02783000000000002,0
CRISPRi.RT112,MAGeCK,KRT9,0.027760000000000007,0
CRISPRi.RT112,MAGeCK,ADH7,0.027689999999999992,0
CRISPRi.RT112,MAGeCK,SPATA16,0.02346999999999999,0
CRISPRi.RT112,MAGeCK,MAGEB3,0.021440000000000015,0
CRISPRi.RT112,MAGeCK,PSMC4,0.020519999999999983,1
CRISPRi.RT112,MAGeCK,TGM6,0.017260000000000053,0
CRISPRi.RT112,MAGeCK,CYP7A1,0.01426000000000005,0
CRISPRi.RT112,MAGeCK,IL1F10,0.011889999999999956,0
CRISPRi.RT112,MAGeCK,HTR3D,0.009480000000000044,0
CRISPRi.RT112,MAGeCK,TAAR1,0.00936999999999999,0
CRISPRi.RT112,MAGeCK,NPSR1,0.008329999999999949,0
CRISPRi.RT112,MAGeCK,DMRTB1,0.006870000000000043,0
CRISPRi.RT112,MAGeCK,CRYGB,0.0047000000000000375,0
CRISPRi.RT112,MAGeCK,LYZL6,0.004469999999999974,0
CRISPRi.RT112,MAGeCK,SAGE1,0.0039000000000000146,0
CRISPRi.RT112,MAGeCK,FCRL4,0.003510000000000013,0
CRISPRi.RT112,MAGeCK,OC90,4.3999999999999595e-4,0
CRISPRi.RT112,MAGeCK,OLIG2,2.999999999997449e-5,0
CRISPRi.RT112,PBNPA,ABCG8,0.009462333341315299,0
CRISPRi.RT112,PBNPA,ADH7,0.16643499001213313,0
CRISPRi.RT112,PBNPA,CABP5,0.0030809678987684386,0
CRISPRi.RT112,PBNPA,COPA,0.8978705466725244,1
CRISPRi.RT112,PBNPA,COPB1,0.9996466913991817,1
CRISPRi.RT112,PBNPA,COPS2,0.18419359756086373,1
CRISPRi.RT112,PBNPA,COPS4,0.6321991847062454,1
CRISPRi.RT112,PBNPA,COPS6,0.10488882534062804,1
CRISPRi.RT112,PBNPA,COPS8,0.0076281308996255515,1
CRISPRi.RT112,PBNPA,COPZ1,0.9994818752998508,1
CRISPRi.RT112,PBNPA,CRYGB,0.018146264788081456,0
CRISPRi.RT112,PBNPA,CYP7A1,0.07110871391912144,0
CRISPRi.RT112,PBNPA,DEFB129,0.02175650399136908,0
CRISPRi.RT112,PBNPA,DMRTB1,0.04137907684729236,0
CRISPRi.RT112,PBNPA,DMRTC2,0.20133801440186994,0
CRISPRi.RT112,PBNPA,FAM71B,0.03272836335225038,0
CRISPRi.RT112,PBNPA,FCRL4,0.06813000624048215,0
CRISPRi.RT112,PBNPA,HTR3D,0.024446831117721057,0
CRISPRi.RT112,PBNPA,IL1F10,0.08917211141924897,0
CRISPRi.RT112,PBNPA,IL22,0.02785749768835588,0
CRISPRi.RT112,PBNPA,KRT25,0.015473670245353621,0
CRISPRi.RT112,PBNPA,KRT74,0.20592609386756,0
CRISPRi.RT112,PBNPA,KRT77,0.09758647344562699,0
CRISPRi.RT112,PBNPA,KRT9,3.233146835746048e-5,0
CRISPRi.RT112,PBNPA,LHX5,0.0129340019244788,0
CRISPRi.RT112,PBNPA,LUZP4,0.07269209302263757,0
CRISPRi.RT112,PBNPA,LYZL6,0.05524886463551193,0
CRISPRi.RT112,PBNPA,MAGEB3,0.01822840752506827,0
CRISPRi.RT112,PBNPA,MRGPRD,0.005191700976310609,0
CRISPRi.RT112,PBNPA,NLRP5,0.2943055077061385,0
CRISPRi.RT112,PBNPA,NPHS2,0.021711820855297992,0
CRISPRi.RT112,PBNPA,NPSR1,0.024990890448792658,0
CRISPRi.RT112,PBNPA,NUP133,0.9585920209988201,1
CRISPRi.RT112,PBNPA,NUP205,0.9990636020048557,1
CRISPRi.RT112,PBNPA,NUP54,0.9399080729879228,1
CRISPRi.RT112,PBNPA,NUP93,1,1
CRISPRi.RT112,PBNPA,NUP98,0.9603634442601263,1
CRISPRi.RT112,PBNPA,OC90,6.094279207379261e-4,0
CRISPRi.RT112,PBNPA,OLIG2,6.217160043295866e-4,0
CRISPRi.RT112,PBNPA,OR12D2,0.024201178506478294,0
CRISPRi.RT112,PBNPA,OR52E8,0.04752406038396495,0
CRISPRi.RT112,PBNPA,OR9Q2,0.025901584058059646,0
CRISPRi.RT112,PBNPA,OTUD6A,0.023240978632760534,0
CRISPRi.RT112,PBNPA,PIWIL3,0.10403593034519498,0
CRISPRi.RT112,PBNPA,PLA2G2E,0.047715067274469614,0
CRISPRi.RT112,PBNPA,POLA1,0.9998827108990378,1
CRISPRi.RT112,PBNPA,POLR2A,0.999985368925432,1
CRISPRi.RT112,PBNPA,POLR2D,0.9999174674348383,1
CRISPRi.RT112,PBNPA,POLR2F,0.933873623212926,1
CRISPRi.RT112,PBNPA,POU4F2,0.09572725528882009,0
CRISPRi.RT112,PBNPA,PSMA3,0.9999828133361045,1
CRISPRi.RT112,PBNPA,PSMB2,0.0019725813546797033,1
CRISPRi.RT112,PBNPA,PSMB3,0.113322452075316,1
CRISPRi.RT112,PBNPA,PSMC1,0.42561393414889426,1
CRISPRi.RT112,PBNPA,PSMC2,0.6331688746103701,1
CRISPRi.RT112,PBNPA,PSMC4,0.15462461897945645,1
CRISPRi.RT112,PBNPA,PSMD1,0.999755496338801,1
CRISPRi.RT112,PBNPA,PSMD11,0.6144755273506619,1
CRISPRi.RT112,PBNPA,PSMD6,0.8866823647438432,1
CRISPRi.RT112,PBNPA,PSMD7,0.9822116877838111,1
CRISPRi.RT112,PBNPA,RNASE9,0.014508802729034986,0
CRISPRi.RT112,PBNPA,RPL11,0.9997394759896753,1
CRISPRi.RT112,PBNPA,RPL18A,0.18800926388296446,1
CRISPRi.RT112,PBNPA,RPL27,0.005513915531817903,1
CRISPRi.RT112,PBNPA,RPL3,0.45149682669755387,1
CRISPRi.RT112,PBNPA,RPL30,0.37382586199202705,1
CRISPRi.RT112,PBNPA,RPL34,0.9999972938507422,1
CRISPRi.RT112,PBNPA,RPL35A,0.08715180209777695,1
CRISPRi.RT112,PBNPA,RPL36,0.5934518610001625,1
CRISPRi.RT112,PBNPA,RPL5,0.6889911317408085,1
CRISPRi.RT112,PBNPA,RPL6,0.999980931989818,1
CRISPRi.RT112,PBNPA,RPL9,0.618672281172498,1
CRISPRi.RT112,PBNPA,RPS11,0.8587143529151251,1
CRISPRi.RT112,PBNPA,RPS13,0.00616052459005445,1
CRISPRi.RT112,PBNPA,RPS19,0.8049502174498084,1
CRISPRi.RT112,PBNPA,RPS24,0.9882921410603132,1
CRISPRi.RT112,PBNPA,RPS27,0.9937970545587869,1
CRISPRi.RT112,PBNPA,RPS3A,0.04804489143458368,1
CRISPRi.RT112,PBNPA,RPS7,0.9880146907536173,1
CRISPRi.RT112,PBNPA,RPS8,0.9854907554288647,1
CRISPRi.RT112,PBNPA,RPS9,0.11237486854466439,1
CRISPRi.RT112,PBNPA,RPTN,0.04496134600742974,0
CRISPRi.RT112,PBNPA,RXFP2,0.05203014927782401,0
CRISPRi.RT112,PBNPA,SAGE1,0.10040818893413372,0
CRISPRi.RT112,PBNPA,SPATA16,0.0022565729485913844,0
CRISPRi.RT112,PBNPA,TAAR1,0.02263293067421479,0
CRISPRi.RT112,PBNPA,TAAR8,0.0120398445800175,0
CRISPRi.RT112,PBNPA,TAS2R13,0.09998830377398527,0
CRISPRi.RT112,PBNPA,TAS2R9,0.05020215417603924,0
CRISPRi.RT112,PBNPA,TGM6,0.0071068223843877565,0
CRISPRi.RT112,PBNPA,TPH2,7.7528943630778e-5,0
CRISPRi.RT112,PBNPA,TRIM42,0.22287701978614383,0
CRISPRi.RT112,PBNPA,VN1R2,0.28593493635589184,0
CRISPRi.RT112,PinAPL-py,COPZ1,1,1
CRISPRi.RT112,PinAPL-py,RPL11,1,1
CRISPRi.RT112,PinAPL-py,RPS24,1,1
CRISPRi.RT112,PinAPL-py,PSMD1,0.9999999999999981,1
CRISPRi.RT112,PinAPL-py,RPL34,0.9999999999999981,1
CRISPRi.RT112,PinAPL-py,RPL6,0.9999999999999981,1
CRISPRi.RT112,PinAPL-py,NUP93,0.9999999999999979,1
CRISPRi.RT112,PinAPL-py,RPL36,0.9999999999999979,1
CRISPRi.RT112,PinAPL-py,RPS8,0.9999999999999979,1
CRISPRi.RT112,PinAPL-py,POLA1,0.9999999999999966,1
CRISPRi.RT112,PinAPL-py,RPS7,0.870636385797,1
CRISPRi.RT112,PinAPL-py,RPS19,0.8503203318729999,1
CRISPRi.RT112,PinAPL-py,PSMA3,0.835564537935,1
CRISPRi.RT112,PinAPL-py,RPL30,0.80746697348,1
CRISPRi.RT112,PinAPL-py,POLR2D,0.642421787826,1
CRISPRi.RT112,PinAPL-py,NUP205,0.216563599055,1
CRISPRi.RT112,PinAPL-py,PSMC2,0.15681838217800004,1
CRISPRi.RT112,PinAPL-py,NUP54,0.10187915991499996,1
CRISPRi.RT112,PinAPL-py,PSMD7,0.04362216110399997,1
CRISPRi.RT112,PinAPL-py,RPL3,0.018630846802,1
CRISPRi.RT112,PinAPL-py,PSMD11,0.006755062687999969,1
CRISPRi.RT112,PinAPL-py,POLR2A,0.0037814031330000164,1
CRISPRi.RT112,PinAPL-py,NUP133,1.9846786999955235e-5,1
CRISPRi.RT112,PinAPL-py,COPB1,6.031579999898895e-7,1
CRISPRi.RT112,PinAPL-py,RPS11,6.031579999898895e-7,1
CRISPRi.RT112,PinAPL-py,ABCG8,0,0
CRISPRi.RT112,PinAPL-py,ADH7,0,0
CRISPRi.RT112,PinAPL-py,CABP5,0,0
CRISPRi.RT112,PinAPL-py,COPA,0,1
CRISPRi.RT112,PinAPL-py,COPS2,0,1
CRISPRi.RT112,PinAPL-py,COPS4,0,1
CRISPRi.RT112,PinAPL-py,COPS6,0,1
CRISPRi.RT112,PinAPL-py,COPS8,0,1
CRISPRi.RT112,PinAPL-py,CRYGB,0,0
CRISPRi.RT112,PinAPL-py,CYP7A1,0,0
CRISPRi.RT112,PinAPL-py,DEFB129,0,0
CRISPRi.RT112,PinAPL-py,DMRTB1,0,0
CRISPRi.RT112,PinAPL-py,DMRTC2,0,0
CRISPRi.RT112,PinAPL-py,FAM71B,0,0
CRISPRi.RT112,PinAPL-py,FCRL4,0,0
CRISPRi.RT112,PinAPL-py,HTR3D,0,0
CRISPRi.RT112,PinAPL-py,IL1F10,0,0
CRISPRi.RT112,PinAPL-py,IL22,0,0
CRISPRi.RT112,PinAPL-py,KRT25,0,0
CRISPRi.RT112,PinAPL-py,KRT74,0,0
CRISPRi.RT112,PinAPL-py,KRT77,0,0
CRISPRi.RT112,PinAPL-py,KRT9,0,0
CRISPRi.RT112,PinAPL-py,LHX5,0,0
CRISPRi.RT112,PinAPL-py,LUZP4,0,0
CRISPRi.RT112,PinAPL-py,LYZL6,0,0
CRISPRi.RT112,PinAPL-py,MAGEB3,0,0
CRISPRi.RT112,PinAPL-py,MRGPRD,0,0
CRISPRi.RT112,PinAPL-py,NLRP5,0,0
CRISPRi.RT112,PinAPL-py,NPHS2,0,0
CRISPRi.RT112,PinAPL-py,NPSR1,0,0
CRISPRi.RT112,PinAPL-py,NUP98,0,1
CRISPRi.RT112,PinAPL-py,OC90,0,0
CRISPRi.RT112,PinAPL-py,OLIG2,0,0
CRISPRi.RT112,PinAPL-py,OR12D2,0,0
CRISPRi.RT112,PinAPL-py,OR52E8,0,0
CRISPRi.RT112,PinAPL-py,OR9Q2,0,0
CRISPRi.RT112,PinAPL-py,OTUD6A,0,0
CRISPRi.RT112,PinAPL-py,PIWIL3,0,0
CRISPRi.RT112,PinAPL-py,PLA2G2E,0,0
CRISPRi.RT112,PinAPL-py,POLR2F,0,1
CRISPRi.RT112,PinAPL-py,POU4F2,0,0
CRISPRi.RT112,PinAPL-py,PSMB2,0,1
CRISPRi.RT112,PinAPL-py,PSMB3,0,1
CRISPRi.RT112,PinAPL-py,PSMC1,0,1
CRISPRi.RT112,PinAPL-py,PSMC4,0,1
CRISPRi.RT112,PinAPL-py,PSMD6,0,1
CRISPRi.RT112,PinAPL-py,RNASE9,0,0
CRISPRi.RT112,PinAPL-py,RPL18A,0,1
CRISPRi.RT112,PinAPL-py,RPL27,0,1
CRISPRi.RT112,PinAPL-py,RPL35A,0,1
CRISPRi.RT112,PinAPL-py,RPL5,0,1
CRISPRi.RT112,PinAPL-py,RPL9,0,1
CRISPRi.RT112,PinAPL-py,RPS13,0,1
CRISPRi.RT112,PinAPL-py,RPS27,0,1
CRISPRi.RT112,PinAPL-py,RPS3A,0,1
CRISPRi.RT112,PinAPL-py,RPS9,0,1
CRISPRi.RT112,PinAPL-py,RPTN,0,0
CRISPRi.RT112,PinAPL-py,RXFP2,0,0
CRISPRi.RT112,PinAPL-py,SAGE1,0,0
CRISPRi.RT112,PinAPL-py,SPATA16,0,0
CRISPRi.RT112,PinAPL-py,TAAR1,0,0
CRISPRi.RT112,PinAPL-py,TAAR8,0,0
CRISPRi.RT112,PinAPL-py,TAS2R13,0,0
CRISPRi.RT112,PinAPL-py,TAS2R9,0,0
CRISPRi.RT112,PinAPL-py,TGM6,0,0
CRISPRi.RT112,PinAPL-py,TPH2,0,0
CRISPRi.RT112,PinAPL-py,TRIM42,0,0
CRISPRi.RT112,PinAPL-py,VN1R2,0,0
CRISPRi.RT112,ScreenBEAM,NUP93,0.4044570028682532,1
CRISPRi.RT112,ScreenBEAM,RPL34,0.5054701451539864,1
CRISPRi.RT112,ScreenBEAM,POLR2D,0.5006222657963,1
CRISPRi.RT112,ScreenBEAM,POLA1,0.4040155303332382,1
CRISPRi.RT112,ScreenBEAM,PSMA3,0.5020367293295228,1
CRISPRi.RT112,ScreenBEAM,RPL6,0.42402919152357527,1
CRISPRi.RT112,ScreenBEAM,POLR2A,0.6395417020477987,1
CRISPRi.RT112,ScreenBEAM,COPB1,0.694036378415145,1
CRISPRi.RT112,ScreenBEAM,RPL11,0.3724592725665051,1
CRISPRi.RT112,ScreenBEAM,COPZ1,0.3435645497816598,1
CRISPRi.RT112,ScreenBEAM,NUP205,0.5236860862579396,1
CRISPRi.RT112,ScreenBEAM,PSMD1,0.35010218165835605,1
CRISPRi.RT112,ScreenBEAM,RPS8,0.3658829117930005,1
CRISPRi.RT112,ScreenBEAM,RPS7,0.34688550230739207,1
CRISPRi.RT112,ScreenBEAM,RPS24,0.22990270130849946,1
CRISPRi.RT112,ScreenBEAM,RPL36,0.35378332851261507,1
CRISPRi.RT112,ScreenBEAM,RPS11,0.49080503170277756,1
CRISPRi.RT112,ScreenBEAM,RPS27,0.38785500312387516,1
CRISPRi.RT112,ScreenBEAM,RPL30,0.4431210403457602,1
CRISPRi.RT112,ScreenBEAM,PSMD7,0.2839703804781719,1
CRISPRi.RT112,ScreenBEAM,PSMD11,0.42352912883323224,1
CRISPRi.RT112,ScreenBEAM,COPA,0.34680142683984155,1
CRISPRi.RT112,ScreenBEAM,PSMD6,0.33751677361487475,1
CRISPRi.RT112,ScreenBEAM,PSMC2,0.2727833719819383,1
CRISPRi.RT112,ScreenBEAM,NUP133,0.300661559318187,1
CRISPRi.RT112,ScreenBEAM,RPL5,0.31475942875501595,1
CRISPRi.RT112,ScreenBEAM,RPS19,0.20561972995689004,1
CRISPRi.RT112,ScreenBEAM,NUP54,0.18023185653716514,1
CRISPRi.RT112,ScreenBEAM,RPL3,0.22092472543427935,1
CRISPRi.RT112,ScreenBEAM,PSMC1,0.3272014197894107,1
CRISPRi.RT112,ScreenBEAM,NUP98,0.14784077920032979,1
CRISPRi.RT112,ScreenBEAM,RPL18A,0.2768920029675926,1
CRISPRi.RT112,ScreenBEAM,POLR2F,0.20287858578304951,1
CRISPRi.RT112,ScreenBEAM,COPS4,0.27408546058450023,1
CRISPRi.RT112,ScreenBEAM,RPL9,0.194920471644161,1
CRISPRi.RT112,ScreenBEAM,RPL27,0.21180098681967835,1
CRISPRi.RT112,ScreenBEAM,RPL35A,0.13384964890455306,1
CRISPRi.RT112,ScreenBEAM,RPS3A,0.270722675835787,1
CRISPRi.RT112,ScreenBEAM,TAS2R9,0.1775342392603976,0
CRISPRi.RT112,ScreenBEAM,PSMB3,0.1370625871982451,1
CRISPRi.RT112,ScreenBEAM,VN1R2,0.135881430242638,0
CRISPRi.RT112,ScreenBEAM,POU4F2,0.07863809289549263,0
CRISPRi.RT112,ScreenBEAM,TAS2R13,0.14991615270959824,0
CRISPRi.RT112,ScreenBEAM,PIWIL3,0.05080426133402128,0
CRISPRi.RT112,ScreenBEAM,RPS9,0.03122595821193483,1
CRISPRi.RT112,ScreenBEAM,PSMB2,0.10587421166859988,1
CRISPRi.RT112,ScreenBEAM,PSMC4,0.03552335961377366,1
CRISPRi.RT112,ScreenBEAM,TPH2,0.2909304211977942,0
CRISPRi.RT112,ScreenBEAM,COPS6,0.11259121067803649,1
CRISPRi.RT112,ScreenBEAM,OR12D2,0.10743127360532928,0
CRISPRi.RT112,ScreenBEAM,ADH7,0.0367699391497364,0
CRISPRi.RT112,ScreenBEAM,PLA2G2E,0.060336215057445984,0
CRISPRi.RT112,ScreenBEAM,FAM71B,0.07435125217847813,0
CRISPRi.RT112,ScreenBEAM,KRT77,0.06585814433644878,0
CRISPRi.RT112,ScreenBEAM,OTUD6A,0.041994196401674615,0
CRISPRi.RT112,ScreenBEAM,RXFP2,0.049415256666403555,0
CRISPRi.RT112,ScreenBEAM,SAGE1,0.029493824029768093,0
CRISPRi.RT112,ScreenBEAM,TAAR1,0.043395770380963435,0
CRISPRi.RT112,ScreenBEAM,NLRP5,0.06835910637572783,0
CRISPRi.RT112,ScreenBEAM,TRIM42,0.10392289706385502,0
CRISPRi.RT112,ScreenBEAM,RNASE9,0.07471558425396163,0
CRISPRi.RT112,ScreenBEAM,FCRL4,0.03318356555233498,0
CRISPRi.RT112,ScreenBEAM,NPHS2,0.055272387812584915,0
CRISPRi.RT112,ScreenBEAM,IL22,0.043529919325014044,0
CRISPRi.RT112,ScreenBEAM,LUZP4,0.05006056098464298,0
CRISPRi.RT112,ScreenBEAM,CYP7A1,0.05091185633973596,0
CRISPRi.RT112,ScreenBEAM,NPSR1,0.048867944763493036,0
CRISPRi.RT112,ScreenBEAM,DEFB129,0.05227294899767645,0
CRISPRi.RT112,ScreenBEAM,IL1F10,0.03290312555556153,0
CRISPRi.RT112,ScreenBEAM,RPS13,0.09129545735557253,1
CRISPRi.RT112,ScreenBEAM,COPS8,0.04202347326025931,1
CRISPRi.RT112,ScreenBEAM,DMRTB1,0.03692887423867454,0
CRISPRi.RT112,ScreenBEAM,HTR3D,0.03942980077973189,0
CRISPRi.RT112,ScreenBEAM,RPTN,0.06324894252526878,0
CRISPRi.RT112,ScreenBEAM,CRYGB,0.05060098263587912,0
CRISPRi.RT112,ScreenBEAM,KRT74,0.07568626677385253,0
CRISPRi.RT112,ScreenBEAM,KRT25,0.10808287368766177,0
CRISPRi.RT112,ScreenBEAM,OR52E8,0.07562022948021363,0
CRISPRi.RT112,ScreenBEAM,OR9Q2,0.08096287010752753,0
CRISPRi.RT112,ScreenBEAM,LYZL6,0.05715207803134669,0
CRISPRi.RT112,ScreenBEAM,TAAR8,0.0516753334331516,0
CRISPRi.RT112,ScreenBEAM,MAGEB3,0.04501057543141204,0
CRISPRi.RT112,ScreenBEAM,ABCG8,0.060898711156408804,0
CRISPRi.RT112,ScreenBEAM,LHX5,0.06318796898615674,0
CRISPRi.RT112,ScreenBEAM,DMRTC2,0.18753308626904866,0
CRISPRi.RT112,ScreenBEAM,SPATA16,0.0598713312346243,0
CRISPRi.RT112,ScreenBEAM,COPS2,0.3134974192679888,1
CRISPRi.RT112,ScreenBEAM,OLIG2,0.031850128077652924,0
CRISPRi.RT112,ScreenBEAM,OC90,0.04970868533082433,0
CRISPRi.RT112,ScreenBEAM,TGM6,0.09027567473789125,0
CRISPRi.RT112,ScreenBEAM,KRT9,0.061574532932134995,0
CRISPRi.RT112,ScreenBEAM,MRGPRD,0.12021796172416549,0
CRISPRi.RT112,ScreenBEAM,CABP5,0.13821965882424847,0
CRISPRi.RT112,sgRSEA,OLIG2,0,0
CRISPRi.RT112,sgRSEA,OC90,0,0
CRISPRi.RT112,sgRSEA,MAGEB3,0.0025080616266570654,0
CRISPRi.RT112,sgRSEA,FCRL4,0.0025080616266570654,0
CRISPRi.RT112,sgRSEA,RPS9,0.003941239699032595,1
CRISPRi.RT112,sgRSEA,COPS8,0.00788247939806519,1
CRISPRi.RT112,sgRSEA,TAAR8,0.008599068434252954,0
CRISPRi.RT112,sgRSEA,CRYGB,0.018273020422787556,0
CRISPRi.RT112,sgRSEA,DMRTB1,0.018273020422787556,0
CRISPRi.RT112,sgRSEA,SPATA16,0.01898960945897532,0
CRISPRi.RT112,sgRSEA,HTR3D,0.01898960945897532,0
CRISPRi.RT112,sgRSEA,RPS3A,0.019706198495162974,1
CRISPRi.RT112,sgRSEA,LHX5,0.021139376567538504,0
CRISPRi.RT112,sgRSEA,IL22,0.021497671085632386,0
CRISPRi.RT112,sgRSEA,DEFB129,0.021497671085632386,0
CRISPRi.RT112,sgRSEA,LUZP4,0.022572554639914033,0
CRISPRi.RT112,sgRSEA,KRT9,0.027230383375134393,0
CRISPRi.RT112,sgRSEA,PSMC4,0.027588677893228275,1
CRISPRi.RT112,sgRSEA,IL1F10,0.02830526692941593,0
CRISPRi.RT112,sgRSEA,SAGE1,0.029380150483697576,0
CRISPRi.RT112,sgRSEA,OTUD6A,0.03152991759226087,0
CRISPRi.RT112,sgRSEA,RPL27,0.032246506628448635,1
CRISPRi.RT112,sgRSEA,ABCG8,0.037262629881762765,0
CRISPRi.RT112,sgRSEA,CABP5,0.037262629881762765,0
CRISPRi.RT112,sgRSEA,NPHS2,0.03797921891795053,0
CRISPRi.RT112,sgRSEA,ADH7,0.03977069150841994,0
CRISPRi.RT112,sgRSEA,RXFP2,0.043353636689358654,0
CRISPRi.RT112,sgRSEA,TAS2R9,0.048011465424579014,0
CRISPRi.RT112,sgRSEA,TAAR1,0.053027588677893256,0
CRISPRi.RT112,sgRSEA,NPSR1,0.05696882837692585,0
CRISPRi.RT112,sgRSEA,OR12D2,0.06700107488355433,0
CRISPRi.RT112,sgRSEA,RPL35A,0.06700107488355433,1
CRISPRi.RT112,sgRSEA,KRT25,0.06843425295592975,0
CRISPRi.RT112,sgRSEA,TGM6,0.07130060910068081,0
CRISPRi.RT112,sgRSEA,KRT74,0.08599068434252954,0
CRISPRi.RT112,sgRSEA,LYZL6,0.09172339663203155,0
CRISPRi.RT112,sgRSEA,RPS13,0.09888928699390898,1
CRISPRi.RT112,sgRSEA,RNASE9,0.1082049444643497,0
CRISPRi.RT112,sgRSEA,TPH2,0.11859548548907206,0
CRISPRi.RT112,sgRSEA,NLRP5,0.12217843067001077,0
CRISPRi.RT112,sgRSEA,PSMB2,0.12826943747760655,1
CRISPRi.RT112,sgRSEA,PSMB3,0.13364385524901468,1
CRISPRi.RT112,sgRSEA,FAM71B,0.13937656753851668,0
CRISPRi.RT112,sgRSEA,RPTN,0.14510927982801858,0
CRISPRi.RT112,sgRSEA,DMRTC2,0.146900752418488,0
CRISPRi.RT112,sgRSEA,TRIM42,0.1605159441060552,0
CRISPRi.RT112,sgRSEA,COPS2,0.17986384808312428,1
CRISPRi.RT112,sgRSEA,CYP7A1,0.1812970261554998,0
CRISPRi.RT112,sgRSEA,COPS6,0.19849516302400572,1
CRISPRi.RT112,sgRSEA,PIWIL3,0.2027946972411322,0
CRISPRi.RT112,sgRSEA,PLA2G2E,0.20530275886778937,0
CRISPRi.RT112,sgRSEA,RPL18A,0.2085274095306342,1
CRISPRi.RT112,sgRSEA,MRGPRD,0.22178430670010751,0
CRISPRi.RT112,sgRSEA,POU4F2,0.22930849158007882,0
CRISPRi.RT112,sgRSEA,VN1R2,0.24005732712289507,0
CRISPRi.RT112,sgRSEA,TAS2R13,0.2762450734503762,0
CRISPRi.RT112,sgRSEA,KRT77,0.28699390899319244,0
CRISPRi.RT112,sgRSEA,OR52E8,0.29236832676460045,0
CRISPRi.RT112,sgRSEA,OR9Q2,0.3145825868864206,0
CRISPRi.RT112,sgRSEA,POLR2F,0.3296309566463633,1
CRISPRi.RT112,sgRSEA,RPL9,0.33106413471873886,1
CRISPRi.RT112,sgRSEA,PSMC1,0.3514869222500896,1
CRISPRi.RT112,sgRSEA,COPA,0.35829451809387314,1
CRISPRi.RT112,sgRSEA,NUP98,0.3690433536366894,1
CRISPRi.RT112,sgRSEA,RPL3,0.40809745610892156,1
CRISPRi.RT112,sgRSEA,NUP54,0.41203869580795416,1
CRISPRi.RT112,sgRSEA,COPS4,0.4901469007524185,1
CRISPRi.RT112,sgRSEA,RPS19,0.689358652812612,1
CRISPRi.RT112,sgRSEA,PSMD6,0.7169473307058403,1
CRISPRi.RT112,sgRSEA,RPS11,0.7603009673951988,1
CRISPRi.RT112,sgRSEA,NUP133,0.7714080974561089,1
CRISPRi.RT112,sgRSEA,PSMC2,0.8075958437835902,1
CRISPRi.RT112,sgRSEA,RPL5,0.8269437477606593,1
CRISPRi.RT112,sgRSEA,PSMD11,0.9527051236116088,1
CRISPRi.RT112,sgRSEA,PSMD7,0.9759942672877105,1
CRISPRi.RT112,sgRSEA,RPL30,0.9835184521676819,1
CRISPRi.RT112,sgRSEA,RPS7,0.98889286993909,1
CRISPRi.RT112,sgRSEA,RPL36,0.9946255822285919,1
CRISPRi.RT112,sgRSEA,RPS27,0.997133643855249,1
CRISPRi.RT112,sgRSEA,RPS24,0.9982085274095306,1
CRISPRi.RT112,sgRSEA,NUP205,0.9989251164457184,1
CRISPRi.RT112,sgRSEA,COPB1,0.9989251164457184,1
CRISPRi.RT112,sgRSEA,RPS8,0.9989251164457184,1
CRISPRi.RT112,sgRSEA,POLA1,0.9989251164457184,1
CRISPRi.RT112,sgRSEA,POLR2A,0.9992834109638122,1
CRISPRi.RT112,sgRSEA,PSMD1,0.9996417054819061,1
CRISPRi.RT112,sgRSEA,COPZ1,0.9996417054819061,1
CRISPRi.RT112,sgRSEA,RPL6,0.9996417054819061,1
CRISPRi.RT112,sgRSEA,RPL11,0.9996417054819061,1
CRISPRi.RT112,sgRSEA,RPL34,0.9996417054819061,1
CRISPRi.RT112,sgRSEA,PSMA3,0.9996417054819061,1
CRISPRi.RT112,sgRSEA,POLR2D,0.9996417054819061,1
CRISPRi.RT112,sgRSEA,NUP93,0.9996417054819061,1
