gene,class
RPL9,decreasing
RPS3A,decreasing
RPL5,decreasing
RPS7,decreasing
RPL34,decreasing
RPL9,decreasing
RPS19,decreasing
RPS13,decreasing
RPS11,decreasing
PSMD1,decreasing
RPL34,decreasing
COPS4,decreasing
PSMB2,decreasing
RPS3A,decreasing
RPS13,decreasing
RPL11,decreasing
PSMB2,decreasing
RPS9,decreasing
RPL3,decreasing
PSMB2,decreasing
COPB1,decreasing
RPL27,decreasing
RPL11,decreasing
RPL27,decreasing
COPB1,decreasing
RPL11,decreasing
RPL11,decreasing
RPL34,decreasing
RPL3,decreasing
RPS8,decreasing
PSMD1,decreasing
RPL36,decreasing
POLR2D,decreasing
PSMA3,decreasing
RPL5,decreasing
PSMA3,decreasing
NUP93,decreasing
RPS8,decreasing
RPL27,decreasing
POLR2D,decreasing
RPL6,decreasing
RPL36,decreasing
RPL36,decreasing
RPS11,decreasing
POLR2A,decreasing
RPS19,decreasing
RPS13,decreasing
COPS4,decreasing
POLR2F,decreasing
RPS3A,decreasing
PSMC4,decreasing
PSMD11,decreasing
PSMD6,decreasing
NUP93,decreasing
RPS9,decreasing
NUP98,decreasing
PSMD6,decreasing
COPZ1,decreasing
POLA1,decreasing
PSMD7,decreasing
TPH2,inactive
RPS8,decreasing
RPL3,decreasing
COPA,decreasing
RPL30,decreasing
RPL35A,decreasing
RPL5,decreasing
PSMB3,decreasing
RPL6,decreasing
RPS3A,decreasing
COPS6,decreasing
RPS9,decreasing
NUP133,decreasing
RPL6,decreasing
RPS24,decreasing
RPL5,decreasing
POLR2A,decreasing
COPB1,decreasing
POLR2D,decreasing
NUP93,decreasing
NUP133,decreasing
NUP205,decreasing
RPS11,decreasing
COPS6,decreasing
COPB1,decreasing
COPZ1,decreasing
PSMA3,decreasing
PSMD1,decreasing
POLR2A,decreasing
RPL18A,decreasing
RPS8,decreasing
NUP98,decreasing
PSMD7,decreasing
PSMD6,decreasing
PSMD11,decreasing
NUP205,decreasing
PSMC1,decreasing
RPTN,inactive
POLR2D,decreasing
RPS27,decreasing
RPL18A,decreasing
NUP93,decreasing
RPL30,decreasing
COPS6,decreasing
COPA,decreasing
RPL3,decreasing
RPS24,decreasing
PSMD7,decreasing
RPL9,decreasing
RPL11,decreasing
RPS24,decreasing
CABP5,inactive
RPS9,decreasing
PSMB3,decreasing
NLRP5,inactive
RPL27,decreasing
COPA,decreasing
POLR2A,decreasing
NUP98,decreasing
PSMB3,decreasing
RPS13,decreasing
RPL5,decreasing
RPL35A,decreasing
COPS2,decreasing
POLA1,decreasing
RXFP2,inactive
COPS4,decreasing
PSMB3,decreasing
DMRTC2,inactive
NLRP5,inactive
RPL18A,decreasing
PSMD11,decreasing
PSMC1,decreasing
RPS27,decreasing
RPL36,decreasing
POLA1,decreasing
IL1F10,inactive
RPS24,decreasing
RPL35A,decreasing
PSMC4,decreasing
NUP54,decreasing
PSMC4,decreasing
RPS27,decreasing
RPL6,decreasing
KRT77,inactive
COPS2,decreasing
RPL34,decreasing
RPS11,decreasing
RPL6,decreasing
POLR2A,decreasing
POLR2F,decreasing
TRIM42,inactive
PSMC1,decreasing
POLR2D,decreasing
PSMA3,decreasing
COPS4,decreasing
NPHS2,inactive
NUP205,decreasing
IL22,inactive
POLR2F,decreasing
NUP54,decreasing
CRYGB,inactive
FCRL4,inactive
PSMD11,decreasing
IL1F10,inactive
COPS8,decreasing
PSMC4,decreasing
TAS2R9,inactive
RPS27,decreasing
NUP54,decreasing
NUP98,decreasing
COPB1,decreasing
NUP133,decreasing
CYP7A1,inactive
COPS2,decreasing
RPS24,decreasing
KRT9,inactive
CRYGB,inactive
COPS8,decreasing
PSMB2,decreasing
RPL30,decreasing
COPS8,decreasing
NUP98,decreasing
COPS2,decreasing
SPATA16,inactive
VN1R2,inactive
RPS27,decreasing
TRIM42,inactive
PSMC1,decreasing
MRGPRD,inactive
IL22,inactive
FAM71B,inactive
POLR2F,decreasing
PSMC2,decreasing
NLRP5,inactive
COPS4,decreasing
KRT74,inactive
PSMB3,decreasing
POLR2F,decreasing
TAS2R13,inactive
KRT9,inactive
NLRP5,inactive
COPZ1,decreasing
POU4F2,inactive
TAAR8,inactive
LHX5,inactive
TGM6,inactive
SPATA16,inactive
PSMD1,decreasing
PLA2G2E,inactive
TAS2R9,inactive
PIWIL3,inactive
OR12D2,inactive
RPL9,decreasing
CRYGB,inactive
OC90,inactive
FAM71B,inactive
IL1F10,inactive
IL22,inactive
COPS2,decreasing
HTR3D,inactive
TGM6,inactive
FCRL4,inactive
ADH7,inactive
OR12D2,inactive
TAS2R13,inactive
PSMC1,decreasing
OR9Q2,inactive
LYZL6,inactive
TPH2,inactive
RPL18A,decreasing
POU4F2,inactive
COPZ1,decreasing
OTUD6A,inactive
RPL30,decreasing
KRT74,inactive
OC90,inactive
PIWIL3,inactive
PSMC2,decreasing
CRYGB,inactive
NUP133,decreasing
FAM71B,inactive
NLRP5,inactive
NPSR1,inactive
NLRP5,inactive
RPL34,decreasing
CABP5,inactive
HTR3D,inactive
DMRTC2,inactive
KRT77,inactive
COPS6,decreasing
TAS2R9,inactive
COPA,decreasing
CRYGB,inactive
NPSR1,inactive
RNASE9,inactive
LUZP4,inactive
PSMC2,decreasing
NUP54,decreasing
NPSR1,inactive
DMRTB1,inactive
KRT25,inactive
OR52E8,inactive
TAAR8,inactive
CYP7A1,inactive
RPL18A,decreasing
ABCG8,inactive
TAS2R13,inactive
PIWIL3,inactive
NPSR1,inactive
PSMD11,decreasing
RPS11,decreasing
DMRTB1,inactive
TAAR1,inactive
PSMD7,decreasing
KRT9,inactive
SAGE1,inactive
RPL3,decreasing
SAGE1,inactive
COPS8,decreasing
MRGPRD,inactive
OC90,inactive
NLRP5,inactive
CABP5,inactive
LHX5,inactive
LYZL6,inactive
LUZP4,inactive
NPSR1,inactive
VN1R2,inactive
LUZP4,inactive
PSMD6,decreasing
OR52E8,inactive
TAAR1,inactive
KRT77,inactive
TRIM42,inactive
KRT25,inactive
CABP5,inactive
LYZL6,inactive
NPHS2,inactive
VN1R2,inactive
KRT74,inactive
PSMD1,decreasing
RPS19,decreasing
FCRL4,inactive
TAAR1,inactive
PIWIL3,inactive
LYZL6,inactive
KRT9,inactive
MRGPRD,inactive
CRYGB,inactive
FAM71B,inactive
PLA2G2E,inactive
SAGE1,inactive
IL22,inactive
CYP7A1,inactive
OR12D2,inactive
LHX5,inactive
IL1F10,inactive
NPHS2,inactive
HTR3D,inactive
MAGEB3,inactive
POU4F2,inactive
TGM6,inactive
TAS2R9,inactive
RPL30,decreasing
ABCG8,inactive
COPZ1,decreasing
SAGE1,inactive
NUP133,decreasing
OR52E8,inactive
SPATA16,inactive
TPH2,inactive
NLRP5,inactive
NLRP5,inactive
KRT74,inactive
RNASE9,inactive
OR9Q2,inactive
RNASE9,inactive
NPHS2,inactive
NUP54,decreasing
RPS19,decreasing
RPL35A,decreasing
RPS7,decreasing
PSMC4,decreasing
IL22,inactive
RPS13,decreasing
OR12D2,inactive
PIWIL3,inactive
TAAR8,inactive
COPS8,decreasing
PIWIL3,inactive
RPTN,inactive
TGM6,inactive
PIWIL3,inactive
FCRL4,inactive
FAM71B,inactive
PIWIL3,inactive
DEFB129,inactive
NPHS2,inactive
PLA2G2E,inactive
KRT25,inactive
TRIM42,inactive
POLA1,decreasing
PIWIL3,inactive
KRT77,inactive
LUZP4,inactive
DEFB129,inactive
MAGEB3,inactive
KRT25,inactive
RPS3A,decreasing
PLA2G2E,inactive
RXFP2,inactive
ADH7,inactive
TAS2R13,inactive
OLIG2,inactive
TPH2,inactive
DMRTB1,inactive
PSMB2,decreasing
DMRTC2,inactive
ABCG8,inactive
DMRTC2,inactive
SPATA16,inactive
IL1F10,inactive
OLIG2,inactive
RXFP2,inactive
FAM71B,inactive
KRT25,inactive
OR9Q2,inactive
OTUD6A,inactive
TRIM42,inactive
LHX5,inactive
RPL36,decreasing
FAM71B,inactive
CYP7A1,inactive
PSMA3,decreasing
RPTN,inactive
CYP7A1,inactive
OC90,inactive
OLIG2,inactive
POU4F2,inactive
ABCG8,inactive
SAGE1,inactive
ABCG8,inactive
OTUD6A,inactive
NUP205,decreasing
MRGPRD,inactive
SPATA16,inactive
DMRTC2,inactive
DEFB129,inactive
FCRL4,inactive
OLIG2,inactive
OTUD6A,inactive
OR52E8,inactive
HTR3D,inactive
RXFP2,inactive
RNASE9,inactive
NUP93,decreasing
ADH7,inactive
RNASE9,inactive
TGM6,inactive
OR9Q2,inactive
TPH2,inactive
KRT74,inactive
OR52E8,inactive
MAGEB3,inactive
RPTN,inactive
FAM71B,inactive
LYZL6,inactive
ADH7,inactive
LHX5,inactive
DMRTB1,inactive
COPS6,decreasing
OTUD6A,inactive
VN1R2,inactive
SPATA16,inactive
OTUD6A,inactive
DMRTB1,inactive
TAAR8,inactive
VN1R2,inactive
ADH7,inactive
LUZP4,inactive
RPL9,decreasing
PLA2G2E,inactive
RXFP2,inactive
OR12D2,inactive
POLA1,decreasing
DEFB129,inactive
PIWIL3,inactive
TAAR8,inactive
TAAR1,inactive
TAAR1,inactive
TAS2R13,inactive
TAS2R9,inactive
OLIG2,inactive
POU4F2,inactive
RPTN,inactive
OC90,inactive
CABP5,inactive
HTR3D,inactive
OR9Q2,inactive
COPA,decreasing
MRGPRD,inactive
MAGEB3,inactive
MAGEB3,inactive
KRT77,inactive
KRT9,inactive
RPL27,decreasing
OTUD6A,inactive
DEFB129,inactive
PSMD6,decreasing
NLRP5,inactive
LYZL6,inactive
NLRP5,inactive
